state,wkr_nr,wkr_name,population_in_1000,population_per_square_km,percentage_non_germans,percentage_unemployed,percentage_abitur_2019,companies_per_1000,craftsmen_companies_per_1000,avg_income_per_person,percentage_electric_or_hybrid_cars,hartz_iv_per_1000,ages_below_18_percent,ages_18_to_24_percent,ages_25_to_34_percent,ages_35_to_59_percent,ages_60_to_74_percent,ages_75_and_above_percent,is_not_former_east,wahlberechtigte,waehlende,gewinner_erststimme,prozent_erststimme,gewinner_zweitstimme,prozent_zweitstimme,colors_gewinner_erststimme,colors_gewinner_zweitstimme,CDU_zweitstimme,CSU_zweitstimme,SPD_zweitstimme,GRÜNE_zweitstimme,FDP_zweitstimme,DIE LINKE_zweitstimme,AfD_zweitstimme
Schleswig-Holstein,1,Flensburg – Schleswig,291.3,137.1,8.4,7.0,34.2,41.0,6.9,21358,1.0,76.8,16.6,8.4,12.0,33.6,17.6,11.9,1,231536.0,180150.0,GRÜNE,28.129428,SPD,25.48397,#74c476,#fb6a4a,20.393112,,25.48397,18.647067,10.745065,4.184796,5.776284
Schleswig-Holstein,2,Nordfriesland – Dithmarschen Nord,235.0,84.6,7.1,6.5,26.8,56.1,9.0,24354,1.2,59.1,15.6,7.7,11.0,34.0,18.9,12.8,1,188352.0,145439.0,CDU,30.377331,SPD,26.314366,#737373,#fb6a4a,24.635168,,26.314366,15.671818,12.7275,3.078876,6.100877
Schleswig-Holstein,3,Steinburg – Dithmarschen Süd,221.0,110.5,6.5,6.4,32.4,40.0,6.9,22292,0.9,70.6,16.3,7.2,10.5,35.7,18.2,12.2,1,176900.0,136386.0,CDU,29.220977,SPD,27.728151,#737373,#fb6a4a,24.306722,,27.728151,14.24004,13.690895,3.34816,8.365959
Schleswig-Holstein,4,Rendsburg-Eckernförde,252.1,116.4,5.5,4.8,35.8,37.9,6.7,23410,1.1,52.8,16.9,7.0,9.9,35.9,18.3,12.0,1,202223.0,162078.0,SPD,30.796474,SPD,26.806449,#fb6a4a,#fb6a4a,23.935017,,26.806449,17.909483,12.000746,3.20753,6.561675
Schleswig-Holstein,5,Kiel,268.8,1879.2,11.4,8.4,42.5,35.3,4.3,19718,1.5,125.2,14.9,10.6,17.2,32.1,14.6,10.5,1,202482.0,156207.0,SPD,29.521383,GRÜNE,28.420158,#fb6a4a,#74c476,15.372675,,25.99191,28.420158,10.413768,6.085433,4.944092
Schleswig-Holstein,6,Plön – Neumünster,223.0,171.2,8.7,6.7,37.0,37.6,6.4,22081,1.1,75.8,16.1,7.2,10.6,34.6,18.2,13.3,1,174908.0,133727.0,SPD,31.44717,SPD,29.180029,#fb6a4a,#fb6a4a,22.855375,,29.180029,17.393929,11.998883,3.194018,7.350089
Schleswig-Holstein,7,Pinneberg,316.1,475.9,11.1,5.9,38.3,42.9,6.9,24708,1.4,67.4,17.1,7.1,10.8,36.4,16.5,12.1,1,231574.0,188940.0,SPD,31.2763,SPD,29.33057,#fb6a4a,#fb6a4a,22.026828,,29.33057,18.068637,13.489281,3.351943,6.84293
Schleswig-Holstein,8,Segeberg – Stormarn-Mitte,320.6,240.5,8.0,5.0,37.7,43.4,7.0,23952,1.3,50.4,17.2,6.8,10.5,36.9,17.0,11.6,1,249215.0,199617.0,SPD,32.018776,SPD,28.577553,#fb6a4a,#fb6a4a,22.335875,,28.577553,16.826554,13.958661,3.262317,7.327099
Schleswig-Holstein,9,Ostholstein – Stormarn-Nord,220.6,143.9,5.7,6.1,31.5,46.9,7.3,23411,0.9,50.7,14.7,6.3,9.3,35.1,20.3,14.3,1,183139.0,143109.0,SPD,33.653283,SPD,29.953086,#fb6a4a,#fb6a4a,25.051774,,29.953086,15.718995,12.669588,2.839492,7.095561
Schleswig-Holstein,10,Herzogtum Lauenburg – Stormarn-Süd,319.6,236.8,8.6,5.1,41.6,42.0,6.6,24571,1.2,54.1,17.1,6.6,9.8,36.0,17.0,13.5,1,245649.0,196885.0,SPD,31.026519,SPD,28.849389,#fb6a4a,#fb6a4a,23.20142,,28.849389,16.606411,14.160577,3.235885,7.508808
Schleswig-Holstein,11,Lübeck,235.6,580.0,10.0,8.5,38.0,37.1,5.0,20404,1.2,107.9,15.4,8.1,13.3,33.9,16.7,12.6,1,164139.0,118807.0,SPD,34.404717,SPD,30.709351,#fb6a4a,#fb6a4a,17.63986,,30.709351,23.040511,10.166481,4.555073,6.6346
Mecklenburg-Vorpommern,12,Schwerin – Ludwigslust-Parchim I – Nordwestmecklenburg I,269.2,73.9,6.7,8.0,36.3,36.9,7.7,19927,0.9,78.7,16.3,5.5,10.9,35.7,19.5,12.2,0,214872.0,156337.0,SPD,29.407316,SPD,32.005119,#fb6a4a,#fb6a4a,17.151376,,32.005119,8.038794,8.544832,10.752171,15.706667
Mecklenburg-Vorpommern,13,Ludwigslust-Parchim II – Nordwestmecklenburg II – Landkreis Rostock I,249.3,63.3,4.0,6.8,33.4,37.5,8.5,20014,0.8,57.6,15.3,4.9,9.5,35.6,21.6,13.1,0,204636.0,146338.0,SPD,35.207649,SPD,32.511816,#fb6a4a,#fb6a4a,17.089455,,32.511816,7.041775,8.071042,10.391927,17.122075
Mecklenburg-Vorpommern,14,Rostock – Landkreis Rostock II,276.5,278.0,5.5,7.9,44.1,36.3,5.1,19274,1.2,76.3,14.9,7.6,13.9,32.9,17.6,13.1,0,222601.0,165321.0,SPD,26.950846,SPD,29.009774,#fb6a4a,#fb6a4a,14.176939,,29.009774,12.849193,9.115675,13.185424,12.676169
Mecklenburg-Vorpommern,15,Vorpommern-Rügen – Vorpommern-Greifswald I,294.4,84.7,4.7,11.0,30.0,41.8,7.5,19231,1.0,74.0,14.7,6.2,11.3,34.2,20.3,13.3,0,240703.0,168928.0,SPD,24.329415,SPD,25.081429,#fb6a4a,#fb6a4a,18.644896,,25.081429,8.838999,8.308804,11.373561,18.887977
Mecklenburg-Vorpommern,16,Mecklenburgische Seenplatte I – Vorpommern-Greifswald II,267.4,53.8,3.8,9.9,34.5,36.9,7.4,18774,0.9,82.9,14.9,4.8,9.1,34.6,22.6,14.0,0,221069.0,154256.0,SPD,24.818482,SPD,26.707408,#fb6a4a,#fb6a4a,18.991876,,26.707408,4.382486,7.573179,10.174598,23.241278
Mecklenburg-Vorpommern,17,Mecklenburgische Seenplatte II – Landkreis Rostock III,251.3,40.0,3.0,8.5,34.8,39.1,8.1,19679,0.9,72.8,15.4,4.5,9.1,35.8,21.4,13.8,0,208187.0,143860.0,SPD,31.09825,SPD,29.868083,#fb6a4a,#fb6a4a,18.748846,,29.868083,5.102026,7.53092,10.250202,20.904392
Hamburg,18,Hamburg-Mitte,360.311,3043.7,21.8,8.1,53.9,55.7,4.5,25029,2.3,103.2,16.8,7.9,16.3,35.4,13.6,9.9,1,242089.0,179509.0,SPD,33.232411,SPD,28.63944,#fb6a4a,#fb6a4a,11.194913,,28.63944,27.907094,10.446866,8.739927,5.137077
Hamburg,19,Hamburg-Altona,267.9,3438.8,15.5,8.1,53.9,55.7,4.5,25029,2.3,103.2,16.8,7.9,16.3,35.4,13.6,9.9,1,187724.0,152696.0,GRÜNE,29.569209,GRÜNE,30.267935,#74c476,#74c476,14.823218,,25.590587,30.267935,10.889696,8.955489,3.333728
Hamburg,20,Hamburg-Eimsbüttel,260.3,5225.5,13.2,8.1,53.9,55.7,4.5,25029,2.3,103.2,16.8,7.9,16.3,35.4,13.6,9.9,1,193842.0,161006.0,GRÜNE,29.851735,GRÜNE,29.933279,#74c476,#74c476,14.868741,,28.010226,29.933279,11.32319,6.773087,3.527468
Hamburg,21,Hamburg-Nord,289.2,2514.4,10.9,8.1,53.9,55.7,4.5,25029,2.3,103.2,16.8,7.9,16.3,35.4,13.6,9.9,1,219939.0,185260.0,SPD,30.726591,SPD,27.91067,#fb6a4a,#fb6a4a,18.649755,,27.91067,25.195544,14.182725,4.73426,3.689731
Hamburg,22,Hamburg-Wandsbek,326.9,4149.9,14.8,8.1,53.9,55.7,4.5,25029,2.3,103.2,16.8,7.9,16.3,35.4,13.6,9.9,1,233544.0,174021.0,SPD,38.651151,SPD,34.314157,#fb6a4a,#fb6a4a,16.843385,,34.314157,18.594166,11.123973,5.120384,6.530848
Hamburg,23,Hamburg-Bergedorf – Harburg,342.7,1087.1,20.8,8.1,53.9,55.7,4.5,25029,2.3,103.2,16.8,7.9,16.3,35.4,13.6,9.9,1,222142.0,158430.0,SPD,39.337841,SPD,33.521765,#fb6a4a,#fb6a4a,16.195587,,33.521765,17.751423,9.975427,6.285729,8.044638
Niedersachsen,24,Aurich – Emden,239.6,171.2,6.5,8.0,30.9,36.6,5.8,20327,0.8,81.1,16.5,8.0,11.3,34.2,19.0,11.0,1,191817.0,137717.0,SPD,52.797737,SPD,43.33963,#fb6a4a,#fb6a4a,17.68528,,43.33963,12.978221,8.892989,3.420776,8.205011
Niedersachsen,25,Unterems,321.3,123.7,11.3,5.0,25.4,37.2,6.5,20559,0.7,46.6,17.7,8.1,12.3,35.1,17.0,9.8,1,238469.0,175826.0,CDU,44.399871,SPD,33.985736,#737373,#fb6a4a,29.875659,,33.985736,10.659919,10.140063,2.668136,8.177118
Niedersachsen,26,Friesland – Wilhelmshaven – Wittmund,231.7,168.7,6.1,8.0,29.5,35.5,6.0,20268,0.8,81.3,15.4,7.7,11.2,32.8,19.4,13.5,1,189043.0,134164.0,SPD,45.415714,SPD,37.950801,#fb6a4a,#fb6a4a,21.466185,,37.950801,12.803731,10.437072,3.10088,8.23817
Niedersachsen,27,Oldenburg – Ammerland,293.9,352.6,8.6,6.2,41.6,41.4,6.1,21093,1.2,77.8,16.2,8.8,13.9,33.9,16.5,10.8,1,228705.0,173735.0,SPD,38.161369,SPD,32.008787,#fb6a4a,#fb6a4a,18.602966,,32.008787,23.714334,10.24302,4.835485,5.160053
Niedersachsen,28,Delmenhorst – Wesermarsch – Oldenburg-Land,297.0,152.2,10.3,6.5,24.4,34.8,6.4,21890,1.0,76.8,17.0,7.6,11.0,35.1,17.7,11.5,1,226827.0,163721.0,SPD,36.65798,SPD,34.297929,#fb6a4a,#fb6a4a,22.600644,,34.297929,14.783537,11.454851,3.112778,8.009574
Niedersachsen,29,Cuxhaven – Stade II,234.9,91.2,6.0,6.4,24.7,32.7,5.3,22260,1.0,61.0,16.4,6.7,10.0,34.4,19.7,12.7,1,188599.0,140739.0,SPD,36.812939,SPD,34.96951,#fb6a4a,#fb6a4a,26.185977,,34.96951,12.563343,10.057545,2.628189,7.873114
Niedersachsen,30,Stade I – Rotenburg II,256.3,129.9,8.8,5.7,30.3,36.6,5.7,22911,1.1,59.9,17.3,7.8,11.7,35.2,17.1,10.9,1,198575.0,151824.0,CDU,34.566483,SPD,32.013044,#737373,#fb6a4a,26.48864,,32.013044,14.642488,11.081285,2.850685,7.290755
Niedersachsen,31,Mittelems,313.5,133.2,11.3,3.2,27.1,38.4,6.7,21058,0.9,41.7,18.0,7.9,12.0,34.9,17.0,10.2,1,233253.0,180528.0,CDU,40.465282,CDU,33.846463,#737373,#737373,33.846463,,30.922629,12.546956,11.746051,2.212103,5.145969
Niedersachsen,32,Cloppenburg – Vechta,313.5,140.3,11.9,4.6,23.3,42.7,8.3,21634,0.8,48.7,20.0,9.3,13.3,34.7,14.5,8.3,1,223903.0,164806.0,CDU,49.015506,CDU,38.397566,#737373,#737373,38.397566,,24.75573,11.055844,12.066532,2.168639,7.803802
Niedersachsen,33,Diepholz – Nienburg I,247.9,99.5,8.1,5.0,29.2,40.4,6.4,23149,1.1,55.7,16.7,7.2,10.8,35.7,17.9,11.8,1,194370.0,146976.0,CDU,33.7572,SPD,33.017045,#737373,#fb6a4a,25.290483,,33.017045,14.481653,12.076265,2.685594,7.104492
Niedersachsen,34,Osterholz – Verden,251.1,174.1,6.7,3.9,35.8,35.8,5.5,23482,0.9,46.0,17.2,7.0,10.2,35.4,18.3,11.8,1,197490.0,151252.0,CDU,33.655939,SPD,32.909049,#737373,#fb6a4a,24.090985,,32.909049,16.09951,10.418623,3.498185,7.539881
Niedersachsen,35,Rotenburg I – Heidekreis,215.8,78.9,8.1,5.7,30.0,36.9,6.3,21800,0.8,54.4,17.0,7.8,11.4,34.7,17.5,11.7,1,168883.0,125100.0,SPD,47.623152,SPD,34.780508,#fb6a4a,#fb6a4a,25.053142,,34.780508,13.572096,10.085671,2.847113,8.006699
Niedersachsen,36,Harburg,254.4,203.8,7.8,4.8,39.8,43.6,6.0,25687,1.5,43.4,17.3,7.0,10.0,36.7,17.1,12.0,1,201717.0,161633.0,SPD,31.00823,SPD,29.093307,#fb6a4a,#fb6a4a,24.790653,,29.093307,16.658164,12.707014,2.914059,7.260262
Niedersachsen,37,Lüchow-Dannenberg – Lüneburg,232.6,91.0,6.6,6.8,36.8,38.4,5.5,21227,1.1,66.4,16.7,8.0,11.3,35.3,17.3,11.4,1,182673.0,139177.0,SPD,28.173516,SPD,29.872556,#fb6a4a,#fb6a4a,21.011586,,29.872556,22.141926,9.598117,4.582911,6.624185
Niedersachsen,38,Osnabrück-Land,265.0,138.3,9.2,3.7,24.0,37.0,6.5,23030,1.0,33.4,18.2,7.9,11.4,35.1,16.7,10.7,1,199830.0,151858.0,CDU,36.217293,SPD,32.136757,#737373,#fb6a4a,28.489203,,32.136757,14.727796,11.068279,2.572163,6.691613
Niedersachsen,39,Stadt Osnabrück,258.3,794.2,10.8,6.2,38.2,39.8,5.3,22006,1.5,72.7,15.7,10.3,14.8,32.8,15.5,10.9,1,195467.0,149528.0,SPD,30.281253,SPD,30.251037,#fb6a4a,#fb6a4a,23.205436,,30.251037,23.25998,9.849566,4.191133,4.647686
Niedersachsen,40,Nienburg II – Schaumburg,248.4,157.5,8.7,5.9,36.6,35.1,6.0,21717,1.1,66.8,16.2,7.4,10.4,34.8,18.3,12.8,1,193862.0,142878.0,SPD,35.311145,SPD,34.945546,#fb6a4a,#fb6a4a,23.960302,,34.945546,14.084587,10.023136,2.70928,8.769715
Niedersachsen,41,Stadt Hannover I,260.1,2303.8,18.2,8.2,40.9,38.9,5.2,21859,1.3,101.3,15.7,9.1,17.0,33.6,14.3,10.2,1,176770.0,128977.0,SPD,34.899108,SPD,30.96716,#fb6a4a,#fb6a4a,18.347833,,30.96716,23.794968,10.409907,4.52073,6.016929
Niedersachsen,42,Stadt Hannover II,276.8,3028.6,17.9,8.2,40.9,38.9,5.2,21859,1.3,101.3,15.7,9.1,17.0,33.6,14.3,10.2,1,190336.0,143730.0,SPD,32.929405,GRÜNE,29.46863,#fb6a4a,#74c476,15.822469,,28.162844,29.46863,9.328644,6.199673,4.740844
Niedersachsen,43,Hannover-Land I,306.4,269.8,10.7,8.2,40.9,38.9,5.2,21859,1.3,101.3,17.3,7.2,10.4,35.2,17.1,12.9,1,231250.0,174580.0,SPD,33.675314,SPD,32.114278,#fb6a4a,#fb6a4a,25.784299,,32.114278,15.180484,11.320656,2.607961,7.697074
Niedersachsen,44,Celle – Uelzen,271.4,90.1,7.2,6.4,27.6,34.1,5.9,21170,0.9,70.3,16.5,7.1,10.8,34.1,18.6,12.9,1,214434.0,158020.0,CDU,32.88064,SPD,30.819511,#737373,#fb6a4a,26.136864,,30.819511,13.952925,11.472901,2.983809,9.196304
Niedersachsen,45,Gifhorn – Peine,284.8,156.5,7.3,5.1,36.8,26.5,4.7,23087,0.9,58.7,17.9,7.2,10.9,36.0,17.1,10.9,1,219966.0,166591.0,SPD,43.698569,SPD,35.701242,#fb6a4a,#fb6a4a,22.957125,,35.701242,13.319865,9.851422,2.515334,9.738578
Niedersachsen,46,Hameln-Pyrmont – Holzminden,236.2,131.0,9.3,7.0,29.2,34.1,6.0,21942,0.9,79.3,15.6,7.0,10.3,33.7,19.2,14.3,1,184471.0,132892.0,SPD,43.248852,SPD,36.804474,#fb6a4a,#fb6a4a,22.649667,,36.804474,13.125242,10.351876,2.837192,8.806389
Niedersachsen,47,Hannover-Land II,313.8,327.8,10.4,8.2,40.9,38.9,5.2,21859,1.3,101.3,17.3,7.0,10.3,35.2,17.6,12.7,1,238323.0,181206.0,SPD,40.706333,SPD,34.632308,#fb6a4a,#fb6a4a,22.676866,,34.632308,16.30521,10.228935,2.788542,7.733542
Niedersachsen,48,Hildesheim,275.8,228.3,8.4,6.8,35.7,32.6,5.8,21685,1.0,73.9,15.7,8.2,11.4,34.2,17.9,12.6,1,215131.0,161683.0,SPD,38.62581,SPD,34.695283,#fb6a4a,#fb6a4a,22.848953,,34.695283,16.626922,9.635666,3.322255,7.611519
Niedersachsen,49,Salzgitter – Wolfenbüttel,266.2,215.0,11.0,7.5,30.0,26.6,4.3,21407,0.8,91.1,16.5,7.6,10.8,34.2,18.3,12.7,1,200922.0,147213.0,SPD,38.612915,SPD,36.646142,#fb6a4a,#fb6a4a,22.958326,,36.646142,12.447401,9.243051,3.051957,9.893806
Niedersachsen,50,Braunschweig,249.4,1294.3,10.9,5.7,51.2,35.3,4.4,22612,2.2,73.4,14.7,8.8,16.4,33.1,15.3,11.7,1,187721.0,140808.0,SPD,36.705577,SPD,30.424169,#fb6a4a,#fb6a4a,18.614486,,30.424169,23.977628,10.083714,4.561902,5.914534
Niedersachsen,51,Helmstedt – Wolfsburg,242.2,207.8,11.3,5.9,40.8,22.8,3.6,24150,1.7,67.1,16.5,6.7,12.6,34.9,17.1,12.2,1,179891.0,130671.0,SPD,42.115337,SPD,35.149067,#fb6a4a,#fb6a4a,24.633138,,35.149067,11.981827,10.118108,2.705799,9.474165
Niedersachsen,52,Goslar – Northeim – Osterode,250.4,117.8,8.3,6.6,34.5,34.4,5.7,21735,0.8,69.1,14.2,7.3,10.4,33.6,20.1,14.4,1,197508.0,143619.0,SPD,36.703247,SPD,37.864978,#fb6a4a,#fb6a4a,23.612995,,37.864978,12.027856,10.005411,2.985882,8.299895
Niedersachsen,53,Göttingen,284.7,225.1,9.1,6.3,40.5,34.3,5.2,21130,1.1,62.0,15.3,9.7,13.8,32.4,17.2,11.6,1,214563.0,161872.0,SPD,32.224605,SPD,31.92826,#fb6a4a,#fb6a4a,21.576419,,31.92826,20.241422,9.754835,5.072364,6.102932
Bremen,54,Bremen I,356.9,2312.0,16.9,11.2,36.1,41.2,3.9,21481,1.6,144.5,16.1,8.7,14.7,33.5,15.8,11.3,1,245374.0,186426.0,SPD,30.248439,SPD,28.891756,#fb6a4a,#fb6a4a,17.50811,,28.891756,23.911107,9.904619,8.5098,5.325575
Bremen,55,Bremen II – Bremerhaven,324.3,1223.8,20.3,12.1,36.0,38.2,3.8,21481,1.6,155.6,16.5,8.6,14.0,33.1,16.4,11.3,1,214362.0,143714.0,SPD,36.954247,SPD,34.840673,#fb6a4a,#fb6a4a,16.901924,,34.840673,16.81247,8.49252,6.708365,8.936973
Brandenburg,56,Prignitz – Ostprignitz-Ruppin – Havelland I,208.9,36.8,4.3,7.3,35.7,38.6,9.7,19353,0.9,69.8,14.7,4.9,9.5,35.5,21.4,14.0,0,172719.0,122505.0,SPD,32.980792,SPD,34.015652,#fb6a4a,#fb6a4a,16.045088,,34.015652,6.344156,7.496137,8.060557,19.188655
Brandenburg,57,Uckermark – Barnim I,220.6,51.9,4.5,8.8,33.4,36.3,8.6,19531,1.2,84.0,15.1,4.9,9.1,35.2,21.2,14.4,0,182834.0,130987.0,SPD,29.612049,SPD,31.364477,#fb6a4a,#fb6a4a,15.340984,,31.364477,7.03712,8.063979,8.988694,19.921225
Brandenburg,58,Oberhavel – Havelland II,305.1,138.3,4.0,5.8,43.2,38.0,8.6,21079,1.4,49.9,17.0,5.6,9.0,38.6,17.9,12.0,0,249330.0,195194.0,SPD,26.301124,SPD,28.583268,#fb6a4a,#fb6a4a,17.285978,,28.583268,10.701115,10.255149,6.560001,15.949633
Brandenburg,59,Märkisch-Oderland – Barnim II,279.4,113.4,3.7,6.3,33.3,41.1,10.3,20712,1.3,56.2,16.3,4.5,9.0,37.9,19.7,12.4,0,230362.0,177068.0,SPD,24.748133,SPD,27.914214,#fb6a4a,#fb6a4a,15.050349,,27.914214,7.997432,8.560244,10.318602,18.232931
Brandenburg,60,Brandenburg an der Havel – Potsdam-Mittelmark I – Havelland III – Teltow-Fläming I,248.7,76.1,4.7,5.8,45.1,39.5,8.5,21151,1.3,58.1,15.3,4.8,10.0,35.4,20.1,14.4,0,202952.0,147652.0,SPD,32.080611,SPD,33.262814,#fb6a4a,#fb6a4a,15.300922,,33.262814,8.383361,8.194469,8.252854,16.378635
Brandenburg,61,Potsdam – Potsdam-Mittelmark II – Teltow-Fläming II,302.7,544.2,7.6,5.7,53.0,43.9,7.0,21720,1.4,57.8,18.0,6.7,12.5,36.2,15.3,11.3,0,232797.0,190547.0,SPD,34.033742,SPD,26.982211,#fb6a4a,#fb6a4a,13.917831,,26.982211,18.987188,10.70468,10.112241,9.8777
Brandenburg,62,Dahme-Spreewald – Teltow-Fläming III – Oberspreewald-Lausitz I,311.4,77.3,5.2,5.1,38.6,42.4,9.5,20780,1.4,47.9,16.1,5.3,9.9,37.2,18.4,13.1,0,252738.0,194446.0,SPD,26.460268,SPD,28.490731,#fb6a4a,#fb6a4a,16.326765,,28.490731,8.428871,9.86011,7.803486,17.940038
Brandenburg,63,Frankfurt (Oder) – Oder-Spree,236.6,98.4,5.9,7.3,37.7,36.7,8.5,20091,1.0,74.0,15.1,5.3,9.3,34.9,20.8,14.6,0,191385.0,142432.0,SPD,28.020965,SPD,29.471303,#fb6a4a,#fb6a4a,14.147421,,29.471303,7.109274,8.84196,9.553243,20.154917
Brandenburg,64,Cottbus – Spree-Neiße,213.4,117.1,5.9,7.7,42.7,37.2,9.3,19853,1.0,83.5,14.4,5.2,10.1,34.4,21.1,14.8,0,171266.0,128333.0,SPD,27.605609,SPD,28.520968,#fb6a4a,#fb6a4a,13.830216,,28.520968,5.483252,10.749196,7.642099,24.281504
Brandenburg,65,Elbe-Elster – Oberspreewald-Lausitz II,195.2,65.4,3.0,7.7,29.9,35.8,10.1,19412,1.0,69.7,14.2,4.2,8.7,35.3,21.9,15.7,0,162243.0,120377.0,SPD,25.361853,SPD,28.203505,#fb6a4a,#fb6a4a,15.006247,,28.203505,4.15316,9.381753,7.202188,25.196684
Sachsen-Anhalt,66,Altmark,194.4,41.2,3.6,8.7,27.6,33.8,8.3,19433,0.8,85.9,15.2,5.0,9.6,35.6,21.2,13.4,0,159998.0,108885.0,SPD,27.508319,SPD,27.416331,#fb6a4a,#fb6a4a,20.944629,,27.416331,5.414586,8.720509,9.633768,19.146882
Sachsen-Anhalt,67,Börde – Jerichower Land,260.5,66.1,3.4,6.5,27.0,32.4,7.6,20634,0.7,57.8,15.4,4.6,9.5,36.9,21.0,12.6,0,215529.0,148519.0,SPD,26.249974,SPD,26.566593,#fb6a4a,#fb6a4a,22.264713,,26.566593,4.945597,9.246116,8.45542,20.143714
Sachsen-Anhalt,68,Harz,248.2,106.1,3.4,7.1,30.0,34.3,7.1,19792,0.8,70.1,14.0,5.1,9.3,34.6,21.9,15.1,0,207940.0,138570.0,CDU,27.686147,SPD,27.23883,#737373,#fb6a4a,22.262436,,27.23883,5.468927,9.145038,9.264705,18.087226
Sachsen-Anhalt,69,Magdeburg,292.4,496.5,8.6,9.2,34.6,33.8,5.1,18940,1.2,106.9,15.0,7.6,13.5,31.8,17.9,14.1,0,229198.0,156780.0,SPD,25.255518,SPD,26.389238,#fb6a4a,#fb6a4a,18.472531,,26.389238,10.52557,9.44482,10.586721,15.091886
Sachsen-Anhalt,70,Dessau – Wittenberg,205.1,94.3,4.4,8.1,30.1,35.7,7.6,20089,1.1,78.7,13.8,4.5,9.1,33.9,22.1,16.6,0,169749.0,115204.0,CDU,34.302407,SPD,26.184731,#737373,#fb6a4a,23.462109,,26.184731,5.730405,9.126883,8.453905,18.979389
Sachsen-Anhalt,71,Anhalt,257.9,114.2,3.5,8.4,25.7,32.8,7.1,19396,0.8,85.3,13.9,4.9,9.2,35.3,21.8,14.9,0,214557.0,139289.0,AfD,24.218437,SPD,24.048865,#4eb3d3,#fb6a4a,21.698038,,24.048865,3.97989,9.243239,10.367358,22.556588
Sachsen-Anhalt,72,Halle,272.1,657.2,8.8,9.5,34.6,30.1,4.2,18170,1.3,121.4,15.8,8.7,13.5,31.6,17.3,13.1,0,209765.0,148572.0,SPD,28.78552,SPD,23.560658,#fb6a4a,#fb6a4a,17.851515,,23.560658,13.526695,10.290042,11.66961,14.884527
Sachsen-Anhalt,73,Burgenland – Saalekreis,225.7,131.8,5.0,7.4,30.7,33.0,7.5,19845,0.9,78.5,14.5,4.6,9.5,35.1,21.2,15.1,0,184352.0,125859.0,CDU,26.268193,AfD,24.884208,#737373,#4eb3d3,21.300079,,22.845309,4.013582,10.262729,8.532875,24.884208
Sachsen-Anhalt,74,Mansfeld,238.5,103.4,3.7,9.1,23.7,32.9,7.7,19744,1.0,84.2,14.3,4.6,8.8,34.7,22.6,15.0,0,198675.0,133140.0,AfD,25.074616,SPD,24.392227,#4eb3d3,#fb6a4a,21.591039,,24.392227,3.673615,9.715245,8.876257,23.918776
Berlin,75,Berlin-Mitte,377.4,9579.8,32.3,10.6,44.4,51.0,4.6,20972,2.5,137.1,16.5,7.2,16.7,34.8,14.4,10.3,0,207483.0,152513.0,GRÜNE,30.537858,GRÜNE,30.664486,#74c476,#74c476,11.207298,,21.364742,30.664486,8.762516,13.842901,5.142219
Berlin,76,Berlin-Pankow,329.8,3409.9,12.5,10.6,44.4,51.0,4.6,20972,2.5,137.1,16.5,7.2,16.7,34.8,14.4,10.3,0,235647.0,184517.0,GRÜNE,25.480399,GRÜNE,26.39629,#74c476,#74c476,11.668084,,22.028373,26.39629,8.04105,13.806767,8.759981
Berlin,77,Berlin-Reinickendorf,260.2,2913.5,17.6,10.6,44.4,51.0,4.6,20972,2.5,137.1,16.5,7.2,16.7,34.8,14.4,10.3,1,176585.0,128641.0,CDU,27.234083,SPD,24.990649,#737373,#fb6a4a,24.069903,,24.990649,15.538083,10.659802,4.642724,9.781233
Berlin,78,Berlin-Spandau – Charlottenburg Nord,272.0,2734.2,20.1,10.6,44.4,51.0,4.6,20972,2.5,137.1,16.5,7.2,16.7,34.8,14.4,10.3,1,180251.0,126203.0,SPD,32.816275,SPD,27.755019,#fb6a4a,#fb6a4a,21.301967,,27.755019,14.541472,10.086392,5.130805,10.354898
Berlin,79,Berlin-Steglitz-Zehlendorf,293.9,2865.8,14.0,10.6,44.4,51.0,4.6,20972,2.5,137.1,16.5,7.2,16.7,34.8,14.4,10.3,1,217814.0,177282.0,CDU,27.999176,SPD,24.539383,#737373,#fb6a4a,22.862175,,24.539383,22.626005,12.679415,4.743987,5.664078
Berlin,80,Berlin-Charlottenburg-Wilmersdorf,286.1,5011.3,24.0,10.6,44.4,51.0,4.6,20972,2.5,137.1,16.5,7.2,16.7,34.8,14.4,10.3,1,196800.0,155290.0,SPD,27.949902,GRÜNE,26.282081,#fb6a4a,#74c476,18.982553,,24.122615,26.282081,13.058536,6.48557,4.799609
Berlin,81,Berlin-Tempelhof-Schöneberg,343.6,6476.2,19.2,10.6,44.4,51.0,4.6,20972,2.5,137.1,16.5,7.2,16.7,34.8,14.4,10.3,1,231500.0,178096.0,SPD,27.082715,GRÜNE,25.237013,#fb6a4a,#74c476,18.182026,,24.766985,25.237013,9.527916,7.52273,6.23201
Berlin,82,Berlin-Neukölln,321.1,7146.3,24.2,10.6,44.4,51.0,4.6,20972,2.5,137.1,16.5,7.2,16.7,34.8,14.4,10.3,1,197037.0,139700.0,SPD,26.013872,SPD,24.144602,#fb6a4a,#fb6a4a,16.564829,,24.144602,22.672156,7.130082,11.924837,7.426469
Berlin,83,Berlin-Friedrichshain-Kreuzberg – Prenzlauer Berg Ost,354.0,13153.3,24.4,10.6,44.4,51.0,4.6,20972,2.5,137.1,16.5,7.2,16.7,34.8,14.4,10.3,0,220014.0,172571.0,GRÜNE,37.813305,GRÜNE,36.713821,#74c476,#74c476,7.020473,,19.198079,36.713821,6.356208,18.066954,4.102744
Berlin,84,Berlin-Treptow-Köpenick,271.1,1616.1,9.5,10.6,44.4,51.0,4.6,20972,2.5,137.1,16.5,7.2,16.7,34.8,14.4,10.3,0,207127.0,158745.0,DIE LINKE,35.447154,SPD,23.443512,#f768a1,#fb6a4a,13.183649,,23.443512,16.129239,8.11336,15.958006,12.266559
Berlin,85,Berlin-Marzahn-Hellersdorf,270.2,4371.3,10.7,10.6,44.4,51.0,4.6,20972,2.5,137.1,16.5,7.2,16.7,34.8,14.4,10.3,0,197988.0,136325.0,CDU,29.437737,SPD,23.432262,#737373,#fb6a4a,16.365092,,23.432262,8.578784,7.31262,15.874192,16.864224
Berlin,86,Berlin-Lichtenberg,290.1,5566.2,16.5,10.6,44.4,51.0,4.6,20972,2.5,137.1,16.5,7.2,16.7,34.8,14.4,10.3,0,200673.0,145523.0,DIE LINKE,25.774677,SPD,23.224912,#f768a1,#fb6a4a,11.813383,,23.224912,15.471373,7.045744,18.246545,12.473571
Nordrhein-Westfalen,87,Aachen I,249.0,1547.8,18.9,8.2,44.0,41.6,6.7,20504,1.5,91.6,13.8,15.1,18.8,28.5,14.0,9.8,1,176306.0,140018.0,GRÜNE,30.192998,GRÜNE,29.019729,#74c476,#74c476,22.810292,,21.960255,29.019729,10.792028,5.350784,3.896244
Nordrhein-Westfalen,88,Aachen II,308.1,564.2,12.2,8.2,44.0,41.6,6.7,20504,1.5,91.6,16.9,7.5,11.3,35.0,18.0,11.4,1,226418.0,170719.0,SPD,34.474464,SPD,31.585266,#fb6a4a,#fb6a4a,29.47623,,31.585266,11.7789,10.582439,3.110917,7.338451
Nordrhein-Westfalen,89,Heinsberg,255.6,407.0,11.9,6.0,36.7,39.7,7.9,20631,1.1,61.7,16.9,7.4,11.5,35.7,18.0,10.6,1,192346.0,145413.0,CDU,39.726542,CDU,32.274107,#737373,#737373,32.274107,,26.964778,11.711224,11.128475,3.145729,7.888979
Nordrhein-Westfalen,90,Düren,264.6,281.1,11.2,7.3,40.0,36.4,7.3,21194,1.1,82.9,16.8,7.8,12.0,34.6,18.1,10.7,1,199656.0,153645.0,CDU,36.671778,CDU,30.380138,#737373,#737373,30.380138,,28.960948,11.142517,11.24309,3.004029,8.657784
Nordrhein-Westfalen,91,Rhein-Erft-Kreis I,340.1,647.5,12.9,7.4,39.8,39.1,6.0,22675,1.3,72.4,17.6,7.4,11.4,35.8,17.2,10.6,1,249035.0,194892.0,CDU,32.980378,CDU,28.474657,#737373,#737373,28.474657,,28.286432,14.253359,12.527794,2.938165,6.937938
Nordrhein-Westfalen,92,Euskirchen – Rhein-Erft-Kreis II,324.1,227.0,9.7,6.7,40.1,39.7,7.4,22190,1.3,62.6,16.7,7.2,11.0,35.5,18.1,11.5,1,249198.0,192821.0,CDU,34.584902,CDU,30.367907,#737373,#737373,30.367907,,26.638121,13.679544,12.190557,2.997841,7.786335
Nordrhein-Westfalen,93,Köln I,297.6,2318.6,22.8,9.8,43.1,53.0,5.1,22402,2.2,112.6,16.1,8.5,17.1,35.5,13.6,9.2,1,190630.0,140901.0,SPD,27.885468,SPD,26.365648,#fb6a4a,#fb6a4a,19.770845,,26.365648,23.91562,10.736722,5.901628,5.97016
Nordrhein-Westfalen,94,Köln II,330.8,3258.2,14.6,9.8,43.1,53.0,5.1,22402,2.2,112.6,16.1,8.5,17.1,35.5,13.6,9.2,1,242483.0,204955.0,GRÜNE,34.638841,GRÜNE,31.928274,#74c476,#74c476,20.473443,,21.138534,31.928274,12.954344,5.089242,2.883039
Nordrhein-Westfalen,95,Köln III,309.7,2519.6,19.9,9.8,43.1,53.0,5.1,22402,2.2,112.6,16.1,8.5,17.1,35.5,13.6,9.2,1,204539.0,155239.0,SPD,29.940636,GRÜNE,28.760638,#fb6a4a,#74c476,17.800935,,25.842282,28.760638,8.966853,6.413777,5.10097
Nordrhein-Westfalen,96,Bonn,329.7,2337.1,17.2,8.1,51.0,44.2,4.3,23471,2.1,95.9,17.3,10.0,15.7,33.2,13.9,9.8,1,230216.0,185557.0,GRÜNE,25.238716,GRÜNE,27.203379,#74c476,#74c476,22.527705,,22.5765,27.203379,11.874607,5.436338,4.201275
Nordrhein-Westfalen,97,Rhein-Sieg-Kreis I,314.9,476.6,10.5,5.9,43.7,40.9,6.7,24038,1.4,60.0,17.7,7.5,11.3,35.8,17.1,10.7,1,238627.0,188258.0,CDU,32.593772,CDU,27.554849,#737373,#737373,27.554849,,26.51059,15.685298,12.376961,3.400399,7.281447
Nordrhein-Westfalen,98,Rhein-Sieg-Kreis II,285.9,580.4,10.2,5.9,43.7,40.9,6.7,24038,1.4,60.0,17.4,7.4,10.6,35.0,17.5,12.1,1,216063.0,176666.0,CDU,40.008784,CDU,29.525943,#737373,#737373,29.525943,,23.800892,17.687063,13.359214,3.241897,6.014639
Nordrhein-Westfalen,99,Oberbergischer Kreis,272.1,296.1,9.8,6.1,37.4,39.9,7.1,23194,1.1,53.3,17.5,7.7,11.2,34.8,17.3,11.4,1,206640.0,160158.0,CDU,33.914591,CDU,27.741504,#737373,#737373,27.741504,,26.729984,12.578779,12.476051,3.24758,9.586442
Nordrhein-Westfalen,100,Rheinisch-Bergischer Kreis,283.3,647.7,9.5,6.5,45.2,47.5,7.9,26493,1.7,62.3,16.8,6.8,10.0,35.8,17.6,13.0,1,217193.0,176955.0,CDU,30.008716,CDU,27.445896,#737373,#737373,27.445896,,25.220338,18.367393,13.86169,2.963051,5.717421
Nordrhein-Westfalen,101,Leverkusen – Köln IV,313.5,2391.6,19.2,9.2,42.9,41.8,5.1,22064,2.0,109.0,16.7,7.8,14.5,35.4,14.8,10.8,1,209569.0,154163.0,SPD,45.602252,SPD,29.141176,#fb6a4a,#fb6a4a,21.729412,,29.141176,19.169281,10.412418,4.783007,7.16732
Nordrhein-Westfalen,102,Wuppertal I,313.0,2392.9,21.7,10.3,39.5,38.7,6.3,21480,1.6,142.2,17.3,8.3,13.5,33.7,16.0,11.3,1,202528.0,146815.0,SPD,37.29701,SPD,29.176697,#fb6a4a,#fb6a4a,20.995942,,29.176697,17.461311,10.984249,5.540271,8.315565
Nordrhein-Westfalen,103,Solingen – Remscheid – Wuppertal II,312.7,1550.7,16.4,8.4,40.4,41.6,7.3,22701,1.5,102.1,17.0,7.5,12.2,34.9,16.5,11.9,1,220203.0,163549.0,SPD,32.631494,SPD,29.715952,#fb6a4a,#fb6a4a,24.299434,,29.715952,14.975405,12.491832,3.751556,7.703451
Nordrhein-Westfalen,104,Mettmann I,268.9,1463.2,11.7,7.2,40.8,44.9,6.7,25684,1.8,79.5,16.7,6.6,10.5,35.0,17.7,13.5,1,203147.0,159593.0,CDU,29.972704,CDU,27.387412,#737373,#737373,27.387412,,26.77528,16.064536,13.318467,3.130784,6.732828
Nordrhein-Westfalen,105,Mettmann II,216.7,969.7,13.6,7.2,40.8,44.9,6.7,25684,1.8,79.5,16.8,6.9,10.4,35.3,17.5,13.1,1,160173.0,123800.0,CDU,31.342529,SPD,27.999414,#737373,#fb6a4a,27.059618,,27.999414,14.737305,13.210034,3.163573,7.408522
Nordrhein-Westfalen,106,Düsseldorf I,331.8,2559.6,20.5,8.4,42.9,62.3,6.2,26087,2.3,94.3,16.1,7.1,16.4,35.5,14.4,10.5,1,220822.0,175129.0,CDU,31.130861,CDU,25.750935,#737373,#737373,25.750935,,21.916519,22.631887,15.915349,3.868836,4.299663
Nordrhein-Westfalen,107,Düsseldorf II,290.1,3304.5,20.9,8.4,42.9,62.3,6.2,26087,2.3,94.3,16.1,7.1,16.4,35.5,14.4,10.5,1,190097.0,142287.0,SPD,29.17015,SPD,25.221308,#fb6a4a,#fb6a4a,22.370468,,25.221308,22.289157,12.256774,4.900588,6.012076
Nordrhein-Westfalen,108,Neuss I,295.3,849.7,13.5,6.2,48.3,41.6,6.3,25324,1.5,68.8,17.5,7.2,11.5,35.8,16.9,11.1,1,213249.0,162307.0,CDU,35.777102,CDU,29.922776,#737373,#737373,29.922776,,27.186089,13.637465,12.631631,2.963451,7.019092
Nordrhein-Westfalen,109,Mönchengladbach,261.0,1531.3,16.6,10.9,40.5,39.5,7.0,20841,1.2,140.0,16.7,7.8,13.3,34.2,17.2,10.8,1,185185.0,129644.0,CDU,35.606031,CDU,28.468296,#737373,#737373,28.468296,,27.155273,14.147314,12.038378,3.837048,7.508216
Nordrhein-Westfalen,110,Krefeld I – Neuss II,271.5,900.6,12.7,8.5,44.8,41.5,6.4,23742,1.4,92.1,16.8,6.7,10.8,35.6,17.7,12.4,1,200048.0,155762.0,CDU,33.396887,CDU,29.519682,#737373,#737373,29.519682,,25.49083,15.533849,14.276288,3.027461,6.04263
Nordrhein-Westfalen,111,Viersen,298.9,530.6,10.2,6.3,44.6,45.4,8.1,23204,1.0,59.5,16.2,7.0,10.8,36.2,18.1,11.7,1,227166.0,175085.0,CDU,35.838357,CDU,30.444542,#737373,#737373,30.444542,,26.69034,14.774506,12.82345,2.994498,5.960795
Nordrhein-Westfalen,112,Kleve,312.5,253.4,15.3,5.8,31.9,40.7,7.2,20716,1.0,52.5,16.6,7.9,12.2,35.3,17.7,10.3,1,225463.0,171126.0,CDU,37.588958,CDU,32.275584,#737373,#737373,32.275584,,28.178696,13.894076,11.511342,2.785059,5.674381
Nordrhein-Westfalen,113,Wesel I,261.5,295.8,7.9,6.9,41.1,36.4,6.1,22230,1.1,72.9,16.0,6.8,10.9,35.2,19.2,12.0,1,206270.0,160621.0,SPD,34.233872,SPD,33.403136,#fb6a4a,#fb6a4a,26.673856,,33.403136,12.933786,10.84848,3.199433,6.89292
Nordrhein-Westfalen,114,Krefeld II – Wesel II,243.5,1380.1,14.3,9.1,40.6,38.7,6.2,21935,1.2,96.3,16.2,7.0,11.9,34.5,18.2,12.1,1,175852.0,131664.0,SPD,35.203236,SPD,31.760031,#fb6a4a,#fb6a4a,24.734912,,31.760031,14.959002,11.406632,3.600603,7.035072
Nordrhein-Westfalen,115,Duisburg I,245.6,2062.4,19.4,12.8,36.5,28.4,4.3,17126,1.1,150.0,17.2,8.2,13.7,34.0,16.0,11.0,1,163394.0,118600.0,SPD,40.345866,SPD,35.127643,#fb6a4a,#fb6a4a,19.699134,,35.127643,15.23207,9.009813,4.74514,8.335459
Nordrhein-Westfalen,116,Duisburg II,253.1,2225.6,23.3,12.8,36.5,28.4,4.3,17126,1.1,150.0,17.2,8.2,13.7,34.0,16.0,11.0,1,155265.0,98339.0,SPD,39.419889,SPD,36.887988,#fb6a4a,#fb6a4a,18.699246,,36.887988,10.587799,8.144382,4.639817,12.180035
Nordrhein-Westfalen,117,Oberhausen – Wesel III,278.1,2229.6,14.1,10.0,41.6,32.7,5.7,19569,1.0,119.7,15.9,7.1,12.5,34.6,18.4,11.6,1,199156.0,145251.0,SPD,38.816581,SPD,36.825075,#fb6a4a,#fb6a4a,21.365682,,36.825075,12.460421,9.424647,3.897484,9.095517
Nordrhein-Westfalen,118,Mülheim – Essen I,253.2,2186.4,14.5,9.8,44.3,38.9,5.2,22330,1.5,131.1,16.3,7.2,12.7,33.8,17.3,12.6,1,182895.0,139657.0,SPD,36.315668,SPD,33.253721,#fb6a4a,#fb6a4a,23.593503,,33.253721,14.598561,10.95758,3.242682,8.034548
Nordrhein-Westfalen,119,Essen II,246.6,3642.6,21.8,11.5,42.9,37.7,4.9,20626,1.6,151.8,16.3,7.7,14.3,33.4,16.6,11.7,1,156298.0,105472.0,SPD,37.822223,SPD,33.87001,#fb6a4a,#fb6a4a,20.150755,,33.87001,13.381159,9.128611,4.333959,11.034595
Nordrhein-Westfalen,120,Essen III,253.6,2147.1,12.4,11.5,42.9,37.7,4.9,20626,1.6,151.8,16.3,7.7,14.3,33.4,16.6,11.7,1,190335.0,152858.0,CDU,30.715076,SPD,28.033302,#737373,#fb6a4a,24.403204,,28.033302,20.236482,11.807026,4.009549,5.52209
Nordrhein-Westfalen,121,Recklinghausen I,214.1,1295.3,11.2,9.2,35.0,31.4,5.3,20426,1.2,117.0,16.0,7.0,11.2,34.9,19.3,11.7,1,165193.0,121725.0,SPD,41.019939,SPD,35.244374,#fb6a4a,#fb6a4a,23.180964,,35.244374,12.572782,9.930676,3.510109,9.05025
Nordrhein-Westfalen,122,Recklinghausen II,249.8,642.2,11.7,9.2,35.0,31.4,5.3,20426,1.2,117.0,16.0,7.2,11.0,35.0,18.8,12.0,1,186413.0,137928.0,SPD,37.433547,SPD,35.513643,#fb6a4a,#fb6a4a,24.580405,,35.513643,11.429804,9.92621,2.986712,9.157592
Nordrhein-Westfalen,123,Gelsenkirchen,259.6,2474.2,20.6,15.8,32.1,27.7,4.4,16450,1.2,201.8,17.9,8.0,12.9,33.7,16.9,10.6,1,168496.0,112317.0,SPD,40.478377,SPD,37.135617,#fb6a4a,#fb6a4a,19.851012,,37.135617,10.037382,8.735308,3.462313,12.76374
Nordrhein-Westfalen,124,Steinfurt I – Borken I,275.8,282.0,11.9,4.3,32.2,39.4,7.3,22414,1.0,44.3,18.6,8.5,12.2,35.1,15.8,9.9,1,202386.0,156906.0,CDU,40.022605,CDU,33.751932,#737373,#737373,33.751932,,28.724899,13.164055,11.405427,2.866269,5.377861
Nordrhein-Westfalen,125,Bottrop – Recklinghausen III,267.9,870.4,11.4,9.0,37.4,31.1,5.4,20349,1.1,109.8,16.5,7.3,11.4,34.6,18.7,11.5,1,199344.0,148616.0,SPD,39.007078,SPD,34.927318,#fb6a4a,#fb6a4a,24.959998,,34.927318,11.141621,9.932742,3.038809,9.418138
Nordrhein-Westfalen,126,Borken II,260.8,261.7,7.5,4.0,29.0,43.8,8.6,22433,0.9,40.6,17.9,7.7,11.9,35.6,16.7,10.2,1,201102.0,162179.0,CDU,43.71368,CDU,36.647734,#737373,#737373,36.647734,,26.228949,13.478757,11.831271,2.426896,4.789305
Nordrhein-Westfalen,127,Coesfeld – Steinfurt II,247.3,196.0,6.7,3.4,36.8,40.5,7.4,23719,1.2,37.9,17.6,7.6,10.7,35.7,17.8,10.6,1,194687.0,161187.0,CDU,40.89005,CDU,34.478066,#737373,#737373,34.478066,,26.623924,15.923662,11.191575,2.555202,4.582883
Nordrhein-Westfalen,128,Steinfurt III,256.3,234.6,9.0,4.5,34.4,36.4,6.5,22402,1.0,46.8,17.9,7.9,11.4,35.6,16.7,10.4,1,195513.0,155677.0,CDU,33.980174,SPD,32.714895,#737373,#fb6a4a,27.520401,,32.714895,15.528477,10.427169,3.056384,5.987873
Nordrhein-Westfalen,129,Münster,315.3,1039.6,10.8,5.3,51.4,41.9,4.7,22954,1.7,66.4,15.0,12.4,17.9,31.8,13.6,9.4,1,233953.0,196286.0,GRÜNE,32.340983,GRÜNE,30.716807,#74c476,#74c476,22.403684,,23.455615,30.716807,10.634945,4.986442,2.864671
Nordrhein-Westfalen,130,Warendorf,277.8,210.6,10.6,5.1,34.8,37.2,7.1,23839,1.0,54.3,17.7,7.7,11.0,35.2,17.3,11.1,1,208754.0,165815.0,CDU,36.281834,CDU,31.42248,#737373,#737373,31.42248,,28.951956,14.151293,11.052053,2.748738,6.396511
Nordrhein-Westfalen,131,Gütersloh I,326.9,377.4,14.0,4.6,39.1,41.1,7.0,25242,1.1,48.8,18.0,8.0,12.1,35.7,15.8,10.5,1,234168.0,179754.0,CDU,39.964406,CDU,29.393591,#737373,#737373,29.393591,,26.56144,15.872606,11.891558,2.899997,7.456335
Nordrhein-Westfalen,132,Bielefeld – Gütersloh II,345.3,1173.6,14.9,8.9,39.2,39.0,5.4,23108,1.7,108.4,17.2,9.2,14.3,33.1,15.1,11.1,1,243059.0,185422.0,SPD,30.038507,SPD,27.150157,#fb6a4a,#fb6a4a,20.283882,,27.150157,21.815151,11.211929,6.2163,6.757674
Nordrhein-Westfalen,133,Herford – Minden-Lübbecke II,299.2,580.7,9.8,6.1,37.5,40.4,6.6,22784,1.1,65.7,17.0,7.4,11.2,34.9,17.2,12.2,1,226894.0,170485.0,SPD,36.462566,SPD,31.562851,#fb6a4a,#fb6a4a,23.524993,,31.562851,13.446909,11.758651,3.571724,9.55102
Nordrhein-Westfalen,134,Minden-Lübbecke I,261.8,240.7,7.7,5.9,37.6,38.6,6.3,23052,1.1,71.8,17.7,7.7,11.3,34.0,17.5,11.8,1,201888.0,152938.0,SPD,38.393553,SPD,32.556805,#fb6a4a,#fb6a4a,23.632333,,32.556805,13.038028,11.535112,3.205077,9.163962
Nordrhein-Westfalen,135,Lippe I,293.2,329.8,8.7,6.4,35.6,37.8,6.2,22592,1.0,72.9,17.8,7.6,11.2,33.3,17.6,12.4,1,224415.0,172342.0,SPD,30.717266,SPD,31.101793,#fb6a4a,#fb6a4a,22.825317,,31.101793,13.617649,11.829059,3.752877,9.828462
Nordrhein-Westfalen,136,Höxter – Gütersloh III – Lippe II,221.4,136.2,6.8,4.9,36.5,38.3,7.1,22548,0.8,51.5,17.3,7.6,10.9,34.4,17.9,11.8,1,172435.0,134341.0,CDU,40.09313,CDU,32.50958,#737373,#737373,32.50958,,27.240213,11.056428,11.637238,2.826659,8.667067
Nordrhein-Westfalen,137,Paderborn,307.8,246.9,9.4,5.9,36.1,40.3,6.5,21601,1.3,65.2,17.6,9.4,14.1,33.8,15.8,9.3,1,231534.0,178376.0,CDU,47.87971,CDU,33.008453,#737373,#737373,33.008453,,22.085678,15.245101,12.36129,3.309829,8.113544
Nordrhein-Westfalen,138,Hagen – Ennepe-Ruhr-Kreis I,287.0,885.4,16.9,10.5,39.5,35.3,5.4,21541,1.3,122.4,17.0,7.5,11.9,33.9,17.4,12.2,1,201594.0,144739.0,SPD,33.251323,SPD,33.003218,#fb6a4a,#fb6a4a,23.826835,,33.003218,12.008134,11.267812,3.379856,9.574053
Nordrhein-Westfalen,139,Ennepe-Ruhr-Kreis II,225.8,918.0,9.9,7.1,42.0,39.2,5.9,24441,1.3,79.3,15.2,7.0,11.4,34.9,18.7,12.8,1,175286.0,136697.0,SPD,35.433048,SPD,33.651196,#fb6a4a,#fb6a4a,22.001798,,33.651196,16.168993,10.635382,3.706024,7.114327
Nordrhein-Westfalen,140,Bochum I,277.7,2687.7,13.9,9.8,39.4,35.0,4.7,20048,1.3,120.1,14.7,8.8,14.7,32.8,17.2,11.7,1,202393.0,154711.0,SPD,38.306462,SPD,32.672939,#fb6a4a,#fb6a4a,19.44269,,32.672939,20.033855,9.474267,5.352388,6.663628
Nordrhein-Westfalen,141,Herne – Bochum II,244.4,2606.1,15.6,11.3,36.5,30.3,4.5,18665,1.2,139.6,15.7,8.3,13.3,33.8,17.2,11.6,1,173939.0,123082.0,SPD,43.477044,SPD,38.222525,#fb6a4a,#fb6a4a,19.012368,,38.222525,12.624849,8.720773,4.132231,9.751574
Nordrhein-Westfalen,142,Dortmund I,283.4,2243.7,14.7,12.1,37.0,35.0,4.1,19318,1.4,147.5,16.4,8.5,14.4,33.8,16.0,10.9,1,206727.0,155814.0,SPD,32.987538,SPD,32.359854,#fb6a4a,#fb6a4a,17.948138,,32.359854,20.576081,9.394734,4.885262,6.938544
Nordrhein-Westfalen,143,Dortmund II,304.8,1974.4,21.3,12.1,37.0,35.0,4.1,19318,1.4,147.5,16.4,8.5,14.4,33.8,16.0,10.9,1,199317.0,143865.0,SPD,39.068583,SPD,35.772813,#fb6a4a,#fb6a4a,19.364101,,35.772813,15.206947,9.544786,4.454794,7.906716
Nordrhein-Westfalen,144,Unna I,252.9,728.3,10.3,8.0,40.2,32.9,4.9,21494,1.2,88.9,16.2,7.2,10.8,35.1,18.6,12.1,1,194489.0,148082.0,SPD,40.793535,SPD,36.404348,#fb6a4a,#fb6a4a,21.775231,,36.404348,13.624577,10.403381,3.507721,7.777695
Nordrhein-Westfalen,145,Hamm – Unna II,321.9,762.1,13.9,8.8,33.7,30.9,4.6,19796,1.1,97.6,17.1,8.0,11.9,34.3,17.4,11.2,1,231226.0,168760.0,SPD,40.570601,SPD,35.374609,#fb6a4a,#fb6a4a,24.156055,,35.374609,11.437155,10.012662,3.400865,9.255919
Nordrhein-Westfalen,146,Soest,301.8,227.1,9.7,6.0,38.5,39.2,5.9,22746,1.1,58.7,17.0,7.5,11.4,35.2,17.5,11.3,1,231811.0,179085.0,CDU,33.13177,CDU,29.070951,#737373,#737373,29.070951,,28.713862,13.546312,11.81148,3.104703,7.988663
Nordrhein-Westfalen,147,Hochsauerlandkreis,259.8,132.5,9.1,4.8,32.9,43.3,7.8,24345,0.9,48.3,16.4,7.4,11.5,35.0,17.9,11.8,1,200496.0,156639.0,CDU,40.413978,CDU,33.452735,#737373,#737373,33.452735,,28.708592,9.950674,12.033673,2.565966,7.41622
Nordrhein-Westfalen,148,Siegen-Wittgenstein,276.9,244.5,10.9,6.0,36.7,36.8,5.7,23302,1.2,63.3,16.4,8.5,12.8,33.5,17.5,11.3,1,207672.0,162185.0,CDU,33.603189,SPD,31.263899,#737373,#fb6a4a,26.188051,,31.263899,11.078532,11.551268,3.560735,9.142864
Nordrhein-Westfalen,149,Olpe – Märkischer Kreis I,276.1,237.7,12.0,6.0,35.7,37.8,6.8,26336,1.1,59.2,17.1,7.5,11.7,35.3,17.2,11.2,1,203350.0,154834.0,CDU,37.08178,CDU,32.774126,#737373,#737373,32.774126,,27.566864,9.919308,12.511876,2.700592,8.524761
Nordrhein-Westfalen,150,Märkischer Kreis II,268.1,438.2,13.1,7.5,35.2,36.6,6.1,24762,1.2,79.0,16.6,7.4,11.3,35.1,17.7,12.0,1,195816.0,143714.0,CDU,33.647569,SPD,29.61467,#737373,#fb6a4a,28.304057,,29.61467,10.435819,12.010098,3.368746,9.174293
Sachsen,151,Nordsachsen,197.7,97.5,4.1,7.4,30.3,39.4,9.7,20340,0.8,62.1,15.8,4.6,9.2,36.1,20.4,14.0,0,161189.0,119210.0,AfD,27.795152,AfD,27.231965,#4eb3d3,#4eb3d3,19.530381,,21.00293,4.638444,10.59403,7.53089,27.231965
Sachsen,152,Leipzig I,293.1,1726.1,10.2,8.3,38.9,40.9,5.3,18825,1.8,98.4,16.0,8.8,17.9,31.7,13.7,11.8,0,224100.0,167698.0,CDU,20.528442,SPD,20.878559,#737373,#fb6a4a,14.994651,,20.878559,15.531956,10.610869,12.550335,15.559001
Sachsen,153,Leipzig II,300.0,2344.1,9.1,8.3,38.9,40.9,5.3,18825,1.8,98.4,16.0,8.8,17.9,31.7,13.7,11.8,0,231178.0,180867.0,DIE LINKE,22.807164,GRÜNE,21.277696,#f768a1,#74c476,13.101753,,20.926766,21.277696,9.698122,14.715697,11.240879
Sachsen,154,Leipzig-Land,258.1,156.3,2.5,6.1,32.7,40.6,9.5,21768,1.0,53.8,16.1,4.4,8.6,36.1,20.5,14.3,0,212840.0,162259.0,AfD,24.557002,AfD,23.970754,#4eb3d3,#4eb3d3,20.387327,,21.254355,5.847301,11.420344,7.702281,23.970754
Sachsen,155,Meißen,241.7,166.2,3.2,6.3,30.6,40.6,10.1,21310,1.2,50.6,16.2,4.4,8.6,35.1,20.0,15.7,0,196993.0,149337.0,AfD,31.001038,AfD,29.774577,#4eb3d3,#4eb3d3,17.553476,,17.648334,6.011288,11.658728,7.266802,29.774577
Sachsen,156,Bautzen I,252.5,113.5,2.3,5.7,31.7,37.7,10.2,20632,0.9,46.5,15.8,4.3,8.4,34.7,21.2,15.6,0,206896.0,159242.0,AfD,33.404182,AfD,31.858717,#4eb3d3,#4eb3d3,18.594807,,16.97867,3.976372,10.940593,7.817801,31.858717
Sachsen,157,Görlitz,252.7,119.7,4.6,8.9,28.4,37.1,9.6,19486,0.7,73.6,15.0,4.8,8.4,33.3,21.8,16.7,0,204105.0,153095.0,AfD,35.787889,AfD,32.536975,#4eb3d3,#4eb3d3,18.302545,,16.850026,4.864915,9.960988,7.502368,32.536975
Sachsen,158,Sächsische Schweiz-Osterzgebirge,245.6,148.5,2.9,5.6,29.3,41.8,11.2,20914,1.2,45.4,16.8,4.6,8.9,34.6,19.7,15.4,0,199707.0,154159.0,AfD,33.021573,AfD,31.930542,#4eb3d3,#4eb3d3,17.106915,,15.474305,5.273778,11.70826,7.658282,31.930542
Sachsen,159,Dresden I,302.1,3707.1,9.8,6.7,43.0,40.7,5.3,20112,1.9,70.4,16.9,8.5,15.9,31.6,14.2,12.9,0,228643.0,181120.0,CDU,21.059169,SPD,18.987976,#737373,#fb6a4a,15.417402,,18.987976,15.227661,12.234655,10.521425,17.873458
Sachsen,160,Dresden II – Bautzen II,302.0,723.0,5.2,6.6,41.0,40.2,6.1,20194,1.7,66.6,17.1,7.9,14.8,32.3,14.9,13.1,0,234432.0,189417.0,CDU,18.649692,AfD,19.14854,#737373,#4eb3d3,13.849657,,16.289239,16.629163,12.172377,11.123346,19.14854
Sachsen,161,Mittelsachsen,240.3,143.4,4.0,5.5,28.8,39.7,10.1,20571,0.8,46.2,15.3,5.1,9.8,33.7,20.8,15.3,0,193775.0,147732.0,AfD,33.434901,AfD,30.016098,#4eb3d3,#4eb3d3,17.538103,,18.493681,4.671028,11.578587,8.005617,30.016098
Sachsen,162,Chemnitz,246.3,1114.4,8.5,7.9,34.9,39.7,6.7,20366,1.3,81.1,15.2,6.5,13.0,30.9,18.8,15.6,0,188691.0,140700.0,SPD,25.090972,SPD,23.367626,#fb6a4a,#fb6a4a,14.839306,,23.367626,9.084266,11.306615,10.752103,21.554355
Sachsen,163,Chemnitzer Umland – Erzgebirgskreis II,214.2,237.2,1.9,5.3,29.9,40.1,10.7,20705,0.8,46.0,15.4,4.5,8.3,34.0,22.2,15.7,0,177209.0,137431.0,AfD,28.922479,AfD,27.342859,#4eb3d3,#4eb3d3,18.136155,,20.236511,4.513999,11.116586,8.211683,27.342859
Sachsen,164,Erzgebirgskreis I,256.6,164.4,2.3,5.3,28.3,41.9,12.1,20492,0.7,39.9,15.3,4.7,8.2,33.2,23.4,15.1,0,210913.0,161777.0,AfD,31.70695,AfD,30.566605,#4eb3d3,#4eb3d3,19.632913,,18.070599,3.253672,10.153162,7.56601,30.566605
Sachsen,165,Zwickau,243.0,321.8,3.9,5.3,32.6,38.6,9.8,21056,1.0,52.4,14.6,5.1,9.5,33.5,21.2,16.1,0,197828.0,147146.0,AfD,25.560328,AfD,25.147911,#4eb3d3,#4eb3d3,18.56975,,21.110172,4.902183,10.600095,9.362524,25.147911
Sachsen,166,Vogtlandkreis,226.0,160.0,3.8,6.1,30.0,42.3,11.2,20424,0.9,48.0,14.4,4.7,8.7,33.6,22.1,16.5,0,184979.0,137832.0,CDU,27.72437,AfD,25.059866,#737373,#4eb3d3,19.671951,,22.353788,4.600479,10.067725,8.856454,25.059866
Hessen,167,Waldeck,234.2,108.1,8.2,4.4,22.9,35.6,6.9,22818,0.9,44.5,15.9,7.0,10.6,34.7,19.1,12.8,1,184083.0,138146.0,SPD,37.948405,SPD,36.071069,#fb6a4a,#fb6a4a,22.342451,,36.071069,10.85881,11.234444,3.264553,9.480509
Hessen,168,Kassel,304.8,852.4,15.2,7.3,32.9,38.0,5.3,20899,1.3,95.3,15.9,8.9,14.5,32.9,16.5,11.4,1,218446.0,162796.0,SPD,36.070045,SPD,32.226492,#fb6a4a,#fb6a4a,17.523536,,32.226492,18.87724,10.220249,6.536582,7.541444
Hessen,169,Werra-Meißner – Hersfeld-Rotenburg,221.3,104.3,9.0,5.0,23.0,34.7,6.6,21564,0.7,52.8,15.6,7.1,10.9,33.9,19.5,13.1,1,171918.0,130905.0,SPD,43.69914,SPD,37.651235,#fb6a4a,#fb6a4a,21.598809,,37.651235,8.986909,9.926291,3.508731,11.546957
Hessen,170,Schwalm-Eder,235.9,104.3,7.4,4.4,30.2,35.1,7.2,22413,0.9,44.3,15.9,7.0,10.9,35.3,19.0,12.0,1,185947.0,141558.0,SPD,39.347912,SPD,35.999655,#fb6a4a,#fb6a4a,21.494165,,35.999655,10.123735,11.080852,3.16955,10.812831
Hessen,171,Marburg,247.1,195.7,12.0,4.6,34.1,33.7,5.6,21581,1.1,50.7,16.0,10.7,14.0,32.9,16.2,10.2,1,181363.0,141581.0,SPD,36.857924,SPD,30.01269,#fb6a4a,#fb6a4a,22.129698,,30.01269,15.932099,10.555809,5.766982,8.940997
Hessen,172,Lahn-Dill,275.9,239.3,10.7,5.7,21.1,39.8,6.9,23504,1.0,66.7,16.5,7.4,11.6,34.9,18.0,11.7,1,206532.0,153382.0,SPD,33.050623,SPD,29.422527,#fb6a4a,#fb6a4a,24.916612,,29.422527,11.200058,11.444442,3.369198,11.564653
Hessen,173,Gießen,293.6,218.6,12.2,5.8,32.9,39.5,6.5,21486,1.4,71.9,15.7,10.6,14.8,32.4,16.5,10.0,1,217533.0,161503.0,SPD,30.36332,SPD,27.571978,#fb6a4a,#fb6a4a,22.687418,,27.571978,16.362049,10.706839,5.029017,9.286755
Hessen,174,Fulda,273.1,128.2,9.1,3.8,22.6,39.7,7.1,22678,1.0,39.9,16.6,8.0,12.0,34.4,17.4,11.7,1,208542.0,163568.0,CDU,38.090466,CDU,31.112472,#737373,#737373,31.112472,,22.475169,10.094994,12.695585,2.750257,13.260851
Hessen,175,Main-Kinzig – Wetterau II – Schotten,233.9,151.9,10.7,5.2,28.6,42.4,7.4,24511,1.5,57.2,15.9,7.2,11.0,35.5,18.8,11.4,1,178340.0,137066.0,SPD,30.511918,SPD,27.35877,#fb6a4a,#fb6a4a,24.203128,,27.35877,11.114732,12.618124,3.194152,12.649228
Hessen,176,Hochtaunus,252.3,310.6,14.6,5.1,39.7,53.5,7.2,32099,2.1,49.6,17.5,6.8,10.1,36.5,17.2,11.9,1,179842.0,144023.0,CDU,31.272112,CDU,26.16231,#737373,#737373,26.16231,,24.648539,15.759338,15.413834,3.112341,7.824655
Hessen,177,Wetterau I,243.0,325.9,13.6,4.8,40.7,43.7,7.5,24647,1.6,49.7,16.9,7.3,11.5,36.4,16.8,11.1,1,176897.0,138935.0,SPD,29.661419,SPD,26.162443,#fb6a4a,#fb6a4a,23.617527,,26.162443,15.967476,13.875005,3.573666,8.50977
Hessen,178,Rheingau-Taunus – Limburg,298.0,254.5,12.8,5.1,31.8,44.3,7.7,24946,1.5,52.5,16.5,7.3,10.8,35.8,18.0,11.7,1,220466.0,172269.0,CDU,30.191144,CDU,26.052017,#737373,#737373,26.052017,,25.637311,14.857287,13.928743,3.16397,8.518201
Hessen,179,Wiesbaden,278.5,1365.9,19.8,8.1,37.4,51.0,6.6,25338,1.7,111.6,17.8,8.1,13.2,34.9,15.1,10.9,1,186735.0,136244.0,CDU,26.279856,SPD,24.874685,#737373,#fb6a4a,21.14934,,24.874685,19.885066,14.047902,5.286964,7.108854
Hessen,180,Hanau,262.0,756.8,19.2,5.5,23.1,42.1,7.3,24607,1.6,61.4,17.5,7.5,12.1,35.6,16.6,10.7,1,176271.0,131412.0,SPD,31.143714,SPD,27.566604,#fb6a4a,#fb6a4a,22.538297,,27.566604,14.095306,13.232957,3.804205,10.226309
Hessen,181,Main-Taunus,284.2,1050.4,17.1,4.8,38.4,51.0,6.5,29595,2.3,46.6,18.3,6.7,10.4,36.8,15.6,12.1,1,195515.0,157620.0,CDU,33.339538,CDU,27.045254,#737373,#737373,27.045254,,22.060688,17.12992,16.850687,3.011361,6.67021
Hessen,182,Frankfurt am Main I,380.1,4467.0,33.0,7.3,38.3,54.8,5.0,23436,2.4,94.3,16.9,7.6,18.1,36.8,12.7,7.9,1,201216.0,145011.0,SPD,28.991728,GRÜNE,23.526016,#fb6a4a,#74c476,18.026572,,22.605732,23.526016,14.858792,7.22315,5.457707
Hessen,183,Frankfurt am Main II,383.2,2348.1,26.1,7.3,38.3,54.8,5.0,23436,2.4,94.3,16.9,7.6,18.1,36.8,12.7,7.9,1,227207.0,175004.0,GRÜNE,28.99245,GRÜNE,25.551249,#74c476,#74c476,18.232547,,22.330421,25.551249,14.701902,6.853977,4.715205
Hessen,184,Groß-Gerau,275.7,608.6,22.7,6.1,26.8,35.8,5.2,22014,1.5,72.9,17.9,7.8,12.9,35.9,15.4,10.0,1,174082.0,129287.0,SPD,33.453489,SPD,29.762819,#fb6a4a,#fb6a4a,21.398787,,29.762819,14.835949,11.755577,4.227869,8.814723
Hessen,185,Offenbach,367.1,1520.8,27.3,7.7,34.2,47.5,6.8,22717,1.8,83.2,18.2,7.6,13.6,35.2,15.1,10.2,1,219511.0,158149.0,CDU,27.829695,SPD,24.903236,#737373,#fb6a4a,22.942917,,24.903236,17.364931,13.239532,5.018262,7.737931
Hessen,186,Darmstadt,349.9,778.7,17.5,5.7,42.3,44.0,5.7,24169,2.0,67.3,16.8,9.2,14.7,33.9,15.5,9.9,1,240765.0,188916.0,SPD,27.377262,SPD,26.345253,#fb6a4a,#fb6a4a,18.426118,,26.345253,22.434074,11.899822,5.755288,6.519879
Hessen,187,Odenwald,323.5,290.1,14.2,5.4,32.0,44.1,7.5,24193,1.7,56.0,16.3,7.3,11.2,35.8,18.1,11.2,1,233901.0,179862.0,SPD,32.340048,SPD,27.955739,#fb6a4a,#fb6a4a,24.195788,,27.955739,13.942867,12.666968,3.573082,9.023316
Hessen,188,Bergstraße,270.3,375.7,13.8,4.3,36.1,45.8,8.0,24752,1.5,52.7,16.3,7.0,11.2,35.7,18.3,11.5,1,197782.0,153173.0,CDU,30.494836,SPD,27.155423,#737373,#fb6a4a,24.47237,,27.155423,14.170057,13.488563,3.057478,9.49337
Thüringen,189,Eichsfeld – Nordhausen – Kyffhäuserkreis,257.6,95.6,3.7,7.2,32.1,35.6,9.1,19239,0.6,62.4,15.8,5.4,9.8,34.6,21.0,13.5,0,209201.0,154480.0,CDU,26.625221,SPD,24.418216,#737373,#fb6a4a,22.049163,,24.418216,4.700119,8.971227,9.932734,22.462453
Thüringen,190,Eisenach – Wartburgkreis – Unstrut-Hainich-Kreis,263.5,112.1,4.3,6.9,29.1,34.5,8.0,19964,0.9,55.9,15.7,5.1,9.7,35.3,20.7,13.5,0,212281.0,156104.0,AfD,24.784726,SPD,24.870792,#4eb3d3,#fb6a4a,18.317997,,24.870792,4.834997,8.599368,10.289283,24.468092
Thüringen,191,Jena – Sömmerda – Weimarer Land I,256.4,156.6,6.4,6.1,38.5,34.7,6.9,19332,1.1,53.1,16.0,7.1,12.9,33.4,18.5,12.0,0,198698.0,154183.0,SPD,20.146337,SPD,22.412075,#fb6a4a,#fb6a4a,15.643557,,22.412075,10.951407,9.22241,12.783305,19.835621
Thüringen,192,Gotha – Ilm-Kreis,241.2,138.5,6.4,6.1,33.1,36.6,8.2,19466,1.0,57.4,15.2,5.7,10.5,34.9,20.3,13.5,0,190533.0,142596.0,AfD,26.493854,AfD,25.960294,#4eb3d3,#4eb3d3,15.519007,,23.773056,5.763187,8.622382,10.987386,25.960294
Thüringen,193,Erfurt – Weimar – Weimarer Land II,285.7,645.5,8.5,6.9,40.8,40.1,5.6,19288,2.5,81.2,16.1,7.9,13.9,33.1,17.1,12.0,0,217943.0,166650.0,SPD,24.403768,SPD,23.864187,#fb6a4a,#fb6a4a,14.29039,,23.864187,13.230338,9.396819,13.972799,16.246242
Thüringen,194,Gera – Greiz – Altenburger Land,279.9,178.6,4.3,7.2,30.3,37.9,8.7,19952,0.9,75.0,14.2,4.6,8.7,33.7,22.6,16.3,0,229587.0,168156.0,AfD,29.004292,AfD,28.104185,#4eb3d3,#4eb3d3,16.44324,,21.877145,4.413129,9.763324,11.241192,28.104185
Thüringen,195,Saalfeld-Rudolstadt – Saale-Holzland-Kreis – Saale-Orla-Kreis,266.5,89.6,3.3,5.8,31.8,38.9,9.7,19948,0.9,44.1,14.7,4.8,8.8,35.1,21.9,14.6,0,219471.0,166536.0,AfD,29.289631,AfD,28.173027,#4eb3d3,#4eb3d3,16.404247,,21.272977,4.48725,9.369951,11.233614,28.173027
Thüringen,196,Suhl – Schmalkalden-Meiningen – Hildburghausen – Sonneberg,282.6,101.2,4.7,5.4,27.0,40.9,10.1,21062,0.9,35.0,14.1,5.1,9.5,35.1,21.9,14.3,0,230083.0,171118.0,SPD,33.609934,AfD,26.356154,#fb6a4a,#4eb3d3,16.509774,,25.098452,4.273939,8.272331,10.924325,26.356154
Rheinland-Pfalz,197,Neuwied,311.6,245.5,9.1,5.7,30.0,40.0,7.4,22885,1.0,53.2,16.8,7.3,11.3,34.6,18.3,11.6,1,238118.0,181835.0,CDU,31.943332,SPD,29.961064,#737373,#fb6a4a,26.811763,,29.961064,10.499517,11.509534,3.003982,9.709142
Rheinland-Pfalz,198,Ahrweiler,250.2,187.1,8.5,4.3,38.9,41.7,7.9,23360,1.0,42.3,16.0,7.1,11.2,34.7,18.8,12.2,1,195114.0,148452.0,CDU,34.298304,SPD,28.760436,#737373,#fb6a4a,28.517718,,28.760436,12.025101,11.886405,2.618232,7.697642
Rheinland-Pfalz,199,Koblenz,259.8,408.6,11.9,5.3,42.7,40.4,6.3,22354,1.1,61.2,15.4,8.3,13.6,33.2,17.5,12.1,1,193035.0,147123.0,CDU,31.706948,SPD,29.347334,#737373,#fb6a4a,26.01752,,29.347334,14.39881,11.221161,3.289374,7.146284
Rheinland-Pfalz,200,Mosel/Rhein-Hunsrück,218.9,95.7,8.5,4.6,28.8,42.6,8.1,23413,0.9,35.3,15.5,6.8,10.8,35.0,19.6,12.2,1,171012.0,134709.0,CDU,34.270864,CDU,29.013522,#737373,#737373,29.013522,,28.526512,9.17741,12.50469,2.805001,8.300191
Rheinland-Pfalz,201,Kreuznach,239.3,145.8,10.3,6.7,35.2,39.8,7.3,22375,1.1,65.7,16.1,7.0,11.1,34.2,19.4,12.1,1,182473.0,138102.0,SPD,33.046289,SPD,32.393541,#fb6a4a,#fb6a4a,24.447763,,32.393541,9.44403,11.494152,3.259994,9.888308
Rheinland-Pfalz,202,Bitburg,217.8,70.2,11.3,3.7,32.0,40.2,7.8,22568,1.0,30.3,16.5,7.1,11.7,35.0,18.5,11.2,1,163071.0,124468.0,CDU,37.740948,CDU,30.11372,#737373,#737373,30.11372,,27.909285,9.270015,11.374396,2.658337,7.145297
Rheinland-Pfalz,203,Trier,260.9,214.0,12.6,4.7,40.1,34.8,6.1,22735,1.2,45.9,15.9,8.9,14.1,34.7,16.3,10.1,1,190259.0,147086.0,SPD,32.971229,SPD,30.298721,#fb6a4a,#fb6a4a,23.745826,,30.298721,15.592151,11.120272,3.921569,6.179837
Rheinland-Pfalz,204,Montabaur,272.8,180.9,8.6,3.7,28.7,41.4,7.6,25189,0.9,37.2,16.7,7.0,11.4,35.9,18.2,10.8,1,210845.0,164169.0,SPD,31.468644,SPD,30.328211,#fb6a4a,#fb6a4a,26.505839,,30.328211,10.374923,11.708666,2.853104,8.911494
Rheinland-Pfalz,205,Mainz,353.6,756.6,15.5,5.6,49.2,42.9,5.6,24026,1.5,62.6,15.6,9.6,15.9,33.9,15.0,10.1,1,250243.0,202776.0,SPD,24.9098,SPD,26.746045,#fb6a4a,#fb6a4a,21.206268,,26.746045,22.98136,11.524941,4.676809,5.357054
Rheinland-Pfalz,206,Worms,289.7,310.6,11.9,6.1,37.9,38.7,7.0,23554,1.3,59.5,17.5,7.4,11.4,35.9,18.1,9.8,1,212943.0,166652.0,CDU,32.181695,SPD,30.127229,#737373,#fb6a4a,22.780471,,30.127229,12.619144,12.192014,3.074851,10.334241
Rheinland-Pfalz,207,Ludwigshafen/Frankenthal,324.2,1030.3,20.3,8.1,32.6,31.4,5.1,22368,1.5,89.3,17.5,7.5,12.8,34.6,16.2,11.4,1,210969.0,154957.0,SPD,32.795769,SPD,29.946692,#fb6a4a,#fb6a4a,22.006538,,29.946692,11.828343,12.01887,3.034732,11.793761
Rheinland-Pfalz,208,Neustadt – Speyer,287.9,332.4,10.6,5.4,45.6,42.2,6.7,26394,1.1,49.3,16.1,6.7,11.0,35.2,18.9,12.2,1,219416.0,173828.0,CDU,30.160385,SPD,27.344262,#737373,#fb6a4a,23.979109,,27.344262,13.897577,12.666183,2.831858,10.15465
Rheinland-Pfalz,209,Kaiserslautern,298.2,175.8,10.6,7.0,37.3,34.9,6.5,20843,1.2,69.0,15.9,8.1,12.7,33.7,18.6,11.0,1,224701.0,169243.0,SPD,33.889738,SPD,32.52217,#fb6a4a,#fb6a4a,19.841749,,32.52217,10.516855,10.296498,3.81177,12.362724
Rheinland-Pfalz,210,Pirmasens,222.7,160.4,8.4,6.5,34.9,37.1,7.5,21942,1.2,56.4,15.5,7.0,11.3,33.8,19.7,12.8,1,174094.0,132196.0,SPD,30.432345,SPD,29.259898,#fb6a4a,#fb6a4a,25.643325,,29.259898,7.552029,11.002261,3.218734,13.130198
Rheinland-Pfalz,211,Südpfalz,286.4,241.5,10.3,5.0,40.6,39.1,6.8,23448,1.3,47.0,16.2,7.9,11.8,35.4,18.0,10.7,1,216838.0,171256.0,SPD,28.238429,SPD,27.715928,#fb6a4a,#fb6a4a,23.235008,,27.715928,13.485192,12.445558,3.299249,10.433476
Bayern,212,Altötting,227.4,165.4,12.2,4.1,22.2,43.5,8.6,23613,1.4,31.1,17.1,7.6,12.1,35.2,17.1,10.8,1,168656.0,129457.0,CSU,43.323091,CSU,34.223096,#858590,#858590,,34.223096,14.220144,9.51142,10.325331,2.149719,10.827036
Bayern,213,Erding – Ebersberg,281.8,198.5,13.1,2.9,31.4,49.6,9.0,26354,1.8,17.7,18.3,7.9,11.9,38.0,14.6,9.4,1,200569.0,168351.0,CSU,42.258441,CSU,33.408714,#858590,#858590,,33.408714,15.328711,14.690263,12.069048,2.176689,7.295011
Bayern,214,Freising,337.8,187.4,14.9,3.2,22.0,44.3,8.4,25049,1.5,15.3,17.5,8.3,13.7,37.1,14.7,8.7,1,237249.0,194066.0,CSU,36.151835,CSU,32.58491,#858590,#858590,,32.58491,15.0603,13.491821,11.256906,2.307409,9.069631
Bayern,215,Fürstenfeldbruck,333.8,336.4,15.2,3.5,32.7,47.5,8.8,26114,1.5,24.3,17.7,7.5,12.0,36.7,15.5,10.7,1,231904.0,192782.0,CSU,38.017021,CSU,33.330553,#858590,#858590,,33.330553,16.233685,15.917289,12.012114,2.185063,6.885138
Bayern,216,Ingolstadt,338.0,183.2,13.7,3.2,27.5,35.8,6.6,24514,4.0,27.9,17.8,7.9,14.2,35.4,15.2,9.5,1,238384.0,187407.0,CSU,44.925279,CSU,34.609034,#858590,#858590,,34.609034,16.93864,11.171986,10.615531,2.385573,10.021551
Bayern,217,München-Nord,372.8,4247.0,28.7,5.3,35.7,62.0,5.4,32766,3.5,51.8,15.9,8.1,18.6,35.1,13.0,9.4,1,223680.0,175537.0,CSU,25.689135,GRÜNE,25.649676,#858590,#74c476,,22.868578,19.006261,25.649676,14.839189,4.022413,4.717116
Bayern,218,München-Ost,391.4,4909.0,25.9,5.3,35.7,62.0,5.4,32766,3.5,51.8,15.9,8.1,18.6,35.1,13.0,9.4,1,242587.0,194025.0,CSU,31.66931,CSU,25.499022,#858590,#858590,,25.499022,18.681899,24.645847,14.017115,3.663117,4.645123
Bayern,219,München-Süd,340.2,6478.0,25.8,5.3,35.7,62.0,5.4,32766,3.5,51.8,15.9,8.1,18.6,35.1,13.0,9.4,1,214569.0,172978.0,GRÜNE,27.460062,GRÜNE,26.43262,#74c476,#74c476,,23.546783,19.214546,26.43262,12.465261,4.450014,4.588678
Bayern,220,München-West/Mitte,379.9,4189.1,24.7,5.3,35.7,62.0,5.4,32766,3.5,51.8,15.9,8.1,18.6,35.1,13.0,9.4,1,242248.0,198341.0,CSU,27.018314,GRÜNE,27.471627,#858590,#74c476,,23.047264,18.980636,27.471627,13.358599,4.158718,4.25182
Bayern,221,München-Land,350.5,527.6,18.0,3.5,50.2,76.5,8.2,31122,3.0,21.2,18.1,7.9,11.7,36.2,14.4,11.6,1,235123.0,199382.0,CSU,39.094169,CSU,32.557788,#858590,#858590,,32.557788,17.213878,18.53202,14.453233,2.240035,5.280621
Bayern,222,Rosenheim,324.9,220.0,12.5,3.7,27.7,57.9,11.0,25321,1.3,24.5,17.0,7.7,12.3,35.2,16.7,11.0,1,237391.0,191460.0,CSU,36.11494,CSU,31.021871,#858590,#858590,,31.021871,14.371471,13.622148,12.092018,2.418508,8.699074
Bayern,223,Bad Tölz-Wolfratshausen – Miesbach,227.9,115.3,12.9,3.6,29.2,64.6,12.5,27813,1.5,18.8,16.9,7.3,11.4,35.9,16.5,12.0,1,166662.0,136117.0,CSU,41.317084,CSU,34.213073,#858590,#858590,,34.213073,13.495341,13.341658,12.6124,2.254272,8.060262
Bayern,224,Starnberg – Landsberg am Lech,297.4,226.4,13.0,3.7,35.1,63.1,9.1,30346,1.9,20.5,17.6,7.5,10.6,36.0,16.2,12.0,1,214828.0,181004.0,CSU,38.154623,CSU,32.134911,#858590,#858590,,32.134911,15.863557,18.129463,13.263647,2.463978,6.130817
Bayern,225,Traunstein,283.2,119.3,12.6,4.6,26.0,50.3,9.6,23729,1.2,23.9,16.0,7.5,12.2,34.4,17.6,12.4,1,221539.0,163833.0,CSU,36.62536,CSU,31.537938,#858590,#858590,,31.537938,15.450546,12.258346,9.654521,2.419152,8.605383
Bayern,226,Weilheim,223.9,113.2,11.1,4.0,27.5,53.4,10.5,25229,1.2,25.6,16.5,7.4,11.4,34.8,17.3,12.6,1,168473.0,138043.0,CSU,41.857911,CSU,35.123096,#858590,#858590,,35.123096,14.525148,13.411923,10.433844,2.277483,7.936195
Bayern,227,Deggendorf,211.6,109.0,7.6,4.6,21.6,46.3,9.2,22603,0.8,21.1,15.6,8.0,12.0,35.6,18.6,10.2,1,166186.0,127188.0,CSU,37.366303,CSU,33.287008,#858590,#858590,,33.287008,15.69239,6.72452,8.508303,1.818526,14.143129
Bayern,228,Landshut,343.5,149.0,13.4,4.2,22.3,43.0,8.4,24351,1.3,24.3,17.3,8.0,12.8,36.2,16.1,9.6,1,246854.0,195609.0,CSU,36.444305,CSU,33.057601,#858590,#858590,,33.057601,15.880547,10.31301,10.374626,2.149378,10.255502
Bayern,229,Passau,231.7,154.1,10.5,4.9,25.5,50.1,8.8,21866,1.1,33.9,15.1,8.4,12.7,34.2,18.4,11.2,1,177563.0,136627.0,CSU,30.654364,CSU,32.499559,#858590,#858590,,32.499559,17.559979,9.293779,9.395213,2.273462,11.775256
Bayern,230,Rottal-Inn,231.1,99.1,11.2,4.3,20.5,47.3,9.1,24283,1.1,24.8,16.5,7.9,12.5,35.6,17.4,10.3,1,172989.0,133885.0,CSU,35.102833,CSU,34.289231,#858590,#858590,,34.289231,14.339965,7.126078,9.684561,1.868016,12.296331
Bayern,231,Straubing,226.3,100.9,9.3,5.3,27.9,44.3,9.2,22553,1.0,29.2,16.0,7.6,12.3,35.6,18.2,10.3,1,173772.0,132949.0,CSU,44.281907,CSU,35.345988,#858590,#858590,,35.345988,15.078273,6.779097,8.776374,1.865689,13.15889
Bayern,232,Amberg,279.8,105.6,8.5,3.5,24.4,41.2,8.3,23575,1.1,22.1,16.3,7.8,12.1,35.7,17.5,10.5,1,216069.0,173243.0,CSU,40.277875,CSU,35.06143,#858590,#858590,,35.06143,18.305486,9.39475,8.742434,2.376544,10.417332
Bayern,233,Regensburg,340.2,244.8,12.5,4.0,30.2,42.3,6.3,23694,1.5,31.2,16.1,8.6,15.4,35.0,15.5,9.4,1,248192.0,198950.0,CSU,35.32521,CSU,30.87652,#858590,#858590,,30.87652,17.441086,16.194681,9.47318,3.430388,8.751072
Bayern,234,Schwandorf,282.8,92.2,7.6,4.3,24.8,41.8,8.7,22562,0.8,21.5,16.0,7.7,12.1,35.8,18.0,10.4,1,222425.0,174987.0,CSU,35.065496,CSU,34.131523,#858590,#858590,,34.131523,17.921375,6.4194,7.263529,1.947239,13.498599
Bayern,235,Weiden,209.2,81.0,6.5,4.4,25.7,40.3,8.2,22271,0.8,31.6,15.6,7.6,11.8,35.2,18.4,11.4,1,165807.0,132274.0,CSU,38.48337,CSU,35.363078,#858590,#858590,,35.363078,22.429451,6.981418,7.308755,2.152813,11.340332
Bayern,236,Bamberg,241.1,240.4,9.4,3.9,35.5,41.2,7.3,23361,1.2,28.8,16.3,8.1,14.1,35.2,16.4,9.8,1,183522.0,148671.0,CSU,37.028141,CSU,33.407175,#858590,#858590,,33.407175,17.353982,14.78955,9.681624,3.158769,9.64718
Bayern,237,Bayreuth,206.6,125.4,7.3,4.3,33.2,40.4,7.0,22384,1.1,31.2,14.8,9.3,12.5,34.1,17.7,11.4,1,162430.0,129137.0,CSU,42.442685,CSU,34.050946,#858590,#858590,,34.050946,20.684987,12.173223,9.352048,2.572202,9.052502
Bayern,238,Coburg,197.3,151.1,6.5,4.6,29.7,39.2,7.6,24869,1.0,34.3,14.7,7.1,11.4,35.2,19.1,12.5,1,156571.0,123933.0,CSU,36.514638,CSU,31.946768,#858590,#858590,,31.946768,25.2375,9.303496,8.674223,2.532519,10.423196
Bayern,239,Hof,210.6,136.6,9.6,5.3,26.6,39.8,8.0,21897,0.9,52.6,14.8,7.1,10.6,34.1,19.7,13.7,1,162872.0,125334.0,CSU,41.228697,CSU,33.162065,#858590,#858590,,33.162065,24.426586,7.731152,8.472154,2.41167,11.689052
Bayern,240,Kulmbach,209.8,121.0,5.1,3.9,21.2,39.9,8.3,23067,0.9,24.6,15.5,7.0,11.1,36.1,18.9,11.4,1,168923.0,137181.0,CSU,47.775562,CSU,36.181825,#858590,#858590,,36.181825,19.786088,8.765979,8.35061,2.184535,11.555621
Bayern,241,Ansbach,321.1,105.6,9.8,3.7,24.7,42.1,8.0,23188,1.0,22.6,17.0,7.8,12.0,35.1,17.4,10.7,1,243174.0,192576.0,CSU,38.384373,CSU,33.0595,#858590,#858590,,33.0595,19.658553,11.660287,8.466725,2.559027,9.996396
Bayern,242,Erlangen,257.1,356.8,13.2,3.6,40.5,37.8,5.6,25526,1.6,27.8,16.9,8.5,14.2,34.7,15.7,10.0,1,187269.0,155353.0,CSU,35.152885,CSU,28.897466,#858590,#858590,,28.897466,19.478765,20.161504,10.398847,3.74149,7.029113
Bayern,243,Fürth,340.1,218.1,12.4,4.4,29.9,42.8,7.2,24207,1.3,38.2,16.5,7.3,12.3,36.2,17.0,10.6,1,250879.0,198008.0,CSU,33.521955,CSU,29.947344,#858590,#858590,,29.947344,21.49295,15.118895,9.528839,3.52698,8.983492
Bayern,244,Nürnberg-Nord,290.3,3385.6,24.0,6.7,28.8,45.0,5.5,22748,1.9,79.0,16.0,8.1,15.8,34.2,15.1,10.8,1,188283.0,145295.0,CSU,28.448682,CSU,23.777386,#858590,#858590,,23.777386,20.926868,23.567646,10.169937,5.971689,6.151663
Bayern,245,Nürnberg-Süd,269.0,1901.3,21.0,6.4,29.8,45.4,5.7,23272,2.0,73.0,16.1,8.0,15.2,34.4,15.3,11.0,1,177316.0,129545.0,CSU,34.419242,CSU,30.04136,#858590,#858590,,30.04136,22.686704,13.740612,8.924323,3.80172,10.027522
Bayern,246,Roth,297.5,175.6,8.4,3.1,27.1,44.1,8.0,25307,1.6,20.1,16.6,7.2,11.0,36.2,17.7,11.4,1,229279.0,189676.0,CSU,37.963543,CSU,32.311377,#858590,#858590,,32.311377,20.550224,13.880661,8.993604,2.623952,8.500289
Bayern,247,Aschaffenburg,245.2,322.1,11.8,4.6,27.7,49.4,8.6,24564,1.3,42.0,16.2,7.1,12.1,35.8,17.7,11.0,1,182652.0,146786.0,CSU,40.722493,CSU,31.389587,#858590,#858590,,31.389587,20.747711,14.165603,11.117517,2.792077,9.413307
Bayern,248,Bad Kissingen,267.3,85.8,5.3,3.6,25.7,38.9,8.3,22733,1.0,23.2,16.0,7.1,11.0,35.0,19.2,11.6,1,214061.0,174179.0,CSU,39.096289,CSU,37.584994,#858590,#858590,,37.584994,17.642879,9.169791,8.787933,2.784502,10.649852
Bayern,249,Main-Spessart,254.9,125.1,9.4,3.4,26.2,42.3,8.4,23464,1.3,24.0,15.9,7.2,11.1,35.7,18.6,11.5,1,194408.0,158132.0,CSU,38.581251,CSU,34.44368,#858590,#858590,,34.44368,20.863575,11.336491,9.009474,2.345481,8.861767
Bayern,250,Schweinfurt,260.0,166.6,10.1,3.7,29.7,38.2,6.6,22848,1.3,33.6,16.3,7.5,12.3,34.6,17.9,11.4,1,196710.0,157384.0,CSU,40.882425,CSU,34.81979,#858590,#858590,,34.81979,19.497266,10.926477,9.617832,3.152004,10.03294
Bayern,251,Würzburg,290.2,274.9,9.0,3.4,32.5,43.2,6.1,23974,1.5,32.8,14.9,9.6,15.1,32.8,16.7,10.9,1,224907.0,185664.0,CSU,36.866314,CSU,30.297484,#858590,#858590,,30.297484,20.076672,19.289373,10.410327,3.806002,6.61353
Bayern,252,Augsburg-Stadt,324.6,1964.4,21.6,6.4,31.7,40.8,5.4,20487,1.8,56.8,15.5,9.0,16.5,33.6,14.9,10.6,1,207536.0,153330.0,CSU,28.086428,CSU,25.353046,#858590,#858590,,25.353046,19.152034,19.002486,11.12955,4.559914,9.109334
Bayern,253,Augsburg-Land,331.3,217.1,9.6,3.3,20.0,44.6,8.9,25308,1.5,22.1,17.8,7.4,11.4,36.2,16.6,10.6,1,249402.0,204739.0,CSU,40.583992,CSU,33.330715,#858590,#858590,,33.330715,16.403166,12.86751,10.949683,2.050396,9.565076
Bayern,254,Donau-Ries,259.1,109.2,9.6,2.8,23.4,42.2,8.4,24897,1.3,18.8,17.3,7.9,12.1,35.7,16.8,10.2,1,195774.0,157034.0,CSU,41.074498,CSU,35.163112,#858590,#858590,,35.163112,16.507055,9.546002,9.981948,1.835967,10.969068
Bayern,255,Neu-Ulm,337.5,200.4,14.0,3.2,26.1,41.4,7.6,24545,1.0,20.3,17.2,8.0,12.7,35.5,16.3,10.2,1,241913.0,188849.0,CSU,37.197547,CSU,31.454766,#858590,#858590,,31.454766,16.977956,11.064705,11.721555,2.349319,11.892027
Bayern,256,Oberallgäu,307.1,160.4,11.9,3.8,23.6,51.6,8.2,24629,1.2,23.3,16.2,7.6,12.3,34.5,17.2,12.2,1,228803.0,181758.0,CSU,29.736871,CSU,30.439113,#858590,#858590,,30.439113,16.546966,15.154818,11.593666,2.792041,7.940109
Bayern,257,Ostallgäu,339.8,145.9,11.8,3.5,24.8,48.7,8.7,24550,1.2,21.4,17.1,7.6,12.2,34.7,17.0,11.5,1,250767.0,198681.0,CSU,38.757216,CSU,31.693137,#858590,#858590,,31.693137,15.638108,11.996114,10.91485,2.533407,10.004098
Baden-Württemberg,258,Stuttgart I,310.8,2732.3,22.1,5.6,42.2,48.1,4.7,25788,3.5,63.4,15.4,8.4,18.5,34.6,13.1,10.0,1,191811.0,157519.0,GRÜNE,39.950727,GRÜNE,28.410018,#74c476,#74c476,20.106866,,19.767649,28.410018,16.601204,5.181978,4.201949
Baden-Württemberg,259,Stuttgart II,325.1,3474.2,27.7,5.6,42.2,48.1,4.7,25788,3.5,63.4,15.4,8.4,18.5,34.6,13.1,10.0,1,178958.0,133602.0,CDU,25.895169,SPD,22.756666,#737373,#fb6a4a,21.406822,,22.756666,21.267391,15.277882,5.077554,7.18937
Baden-Württemberg,260,Böblingen,370.0,657.0,18.7,4.1,30.0,38.9,5.4,25597,3.1,34.5,18.0,7.3,13.1,35.4,15.3,10.9,1,245553.0,195404.0,CDU,29.673358,CDU,26.106309,#737373,#737373,26.106309,,20.583266,16.791164,18.071855,2.648444,8.65986
Baden-Württemberg,261,Esslingen,251.6,1205.7,19.2,4.4,34.1,43.4,6.6,25582,1.8,40.6,16.9,8.0,13.3,35.4,14.9,11.4,1,166628.0,131900.0,CDU,32.037857,CDU,25.301058,#737373,#737373,25.301058,,22.766757,18.228964,15.940238,3.098665,7.422915
Baden-Württemberg,262,Nürtingen,298.7,642.2,16.4,4.4,33.9,43.2,6.6,25583,1.9,40.3,16.9,7.7,12.7,35.5,16.3,11.0,1,205967.0,165730.0,CDU,30.098357,CDU,26.023916,#737373,#737373,26.023916,,20.659489,16.832532,17.501869,2.646345,8.706251
Baden-Württemberg,263,Göppingen,258.1,401.9,17.0,4.9,26.8,42.1,7.3,24173,1.4,47.3,17.0,7.6,12.1,34.8,16.8,11.6,1,177107.0,135605.0,CDU,31.011015,CDU,26.096013,#737373,#737373,26.096013,,23.375416,12.583787,16.160662,2.48328,11.466385
Baden-Württemberg,264,Waiblingen,322.4,628.1,16.5,4.6,26.8,44.9,7.7,25631,1.5,45.0,17.1,7.6,12.1,35.5,16.1,11.6,1,221775.0,175865.0,CDU,28.99203,CDU,25.743928,#737373,#737373,25.743928,,21.604253,15.506901,17.739259,2.861835,8.854465
Baden-Württemberg,265,Ludwigsburg,330.4,914.1,19.1,3.7,31.5,40.3,6.3,26189,1.7,34.1,17.7,7.4,13.6,35.6,15.0,10.8,1,215311.0,171855.0,CDU,29.494247,CDU,24.761626,#737373,#737373,24.761626,,21.817437,18.397963,16.160262,3.088179,8.381281
Baden-Württemberg,266,Neckar-Zaber,331.6,516.3,15.7,3.8,29.3,40.3,6.9,25798,1.8,34.0,17.5,7.4,12.4,36.0,16.1,10.5,1,230733.0,186664.0,CDU,30.39639,CDU,24.976677,#737373,#737373,24.976677,,22.311081,15.664619,16.599708,2.615444,10.084827
Baden-Württemberg,267,Heilbronn,362.0,400.1,19.0,4.8,26.0,41.8,7.5,29132,1.8,44.8,17.6,8.1,13.5,35.0,15.7,10.1,1,240951.0,182823.0,CDU,27.799548,CDU,23.92983,#737373,#737373,23.92983,,22.623532,12.96687,16.230129,2.8374,13.161848
Baden-Württemberg,268,Schwäbisch Hall – Hohenlohe,309.4,136.9,11.7,3.6,22.4,40.9,8.1,24003,1.3,25.8,17.6,7.9,12.8,35.1,16.8,9.8,1,225874.0,172687.0,CDU,32.078912,CDU,24.499069,#737373,#737373,24.499069,,21.767087,13.276802,16.264578,2.908352,12.723747
Baden-Württemberg,269,Backnang – Schwäbisch Gmünd,246.2,293.5,13.5,4.2,28.6,42.1,7.3,25038,1.5,37.8,17.2,8.1,12.0,34.8,17.0,11.0,1,177062.0,136374.0,CDU,30.503009,CDU,25.886022,#737373,#737373,25.886022,,21.670953,13.663504,15.771038,2.94109,11.816086
Baden-Württemberg,270,Aalen – Heidenheim,305.5,185.7,12.7,4.4,29.9,38.4,6.9,23924,1.2,38.0,17.2,8.0,12.3,34.6,16.7,11.3,1,220686.0,168484.0,CDU,37.047853,CDU,27.424539,#737373,#737373,27.424539,,23.597469,12.691458,14.684599,2.71139,10.72585
Baden-Württemberg,271,Karlsruhe-Stadt,312.1,1799.4,18.8,5.2,42.3,44.4,5.4,22814,1.9,51.0,14.3,11.0,17.5,33.1,14.0,10.1,1,205608.0,159572.0,GRÜNE,30.002275,GRÜNE,27.774026,#74c476,#74c476,17.667439,,21.347208,27.774026,13.008248,5.622835,6.798518
Baden-Württemberg,272,Karlsruhe-Land,287.1,399.6,13.3,3.8,26.3,41.0,7.8,24295,1.3,30.6,16.5,7.2,11.5,35.7,17.5,11.6,1,209147.0,167922.0,CDU,30.422649,CDU,25.703792,#737373,#737373,25.703792,,23.089064,16.184669,14.798989,2.690343,9.523324
Baden-Württemberg,273,Rastatt,286.6,326.2,15.5,4.5,26.7,41.9,6.3,25333,1.4,37.2,16.1,7.1,11.6,35.4,17.9,11.9,1,204890.0,155331.0,CDU,33.198346,CDU,26.982269,#737373,#737373,26.982269,,23.694904,14.256084,13.816555,2.782817,10.618266
Baden-Württemberg,274,Heidelberg,324.7,1062.7,16.6,5.0,43.8,44.5,5.4,24496,1.8,41.9,15.6,10.3,15.6,33.1,14.8,10.6,1,218432.0,177895.0,GRÜNE,30.167914,GRÜNE,25.629366,#74c476,#74c476,20.804276,,22.779899,25.629366,13.144425,4.87769,6.120302
Baden-Württemberg,275,Mannheim,310.7,2142.9,23.9,7.7,37.7,45.8,5.7,22054,1.8,95.0,15.4,10.0,16.7,33.8,14.3,9.7,1,196861.0,142152.0,SPD,26.35209,SPD,25.297264,#fb6a4a,#fb6a4a,18.212583,,25.297264,21.148334,13.137806,5.013054,9.111612
Baden-Württemberg,276,Odenwald – Tauber,276.0,113.6,10.0,4.0,27.5,38.3,7.3,23078,1.3,31.0,16.4,7.5,11.5,34.8,18.5,11.4,1,209417.0,162049.0,CDU,35.813417,CDU,30.447434,#737373,#737373,30.447434,,22.167945,11.057803,13.048544,2.544659,11.968123
Baden-Württemberg,277,Rhein-Neckar,271.1,374.0,12.7,4.7,34.0,42.5,6.9,25278,1.8,42.7,17.2,7.3,11.7,35.8,17.4,10.7,1,196882.0,153550.0,CDU,28.505888,CDU,25.462996,#737373,#737373,25.462996,,23.477552,15.760616,14.37212,2.825642,10.286838
Baden-Württemberg,278,Bruchsal – Schwetzingen,272.1,537.2,13.8,4.2,29.3,41.7,7.4,24708,1.5,35.7,16.7,7.2,12.4,36.1,17.0,10.6,1,195755.0,152242.0,CDU,29.604256,CDU,25.777483,#737373,#737373,25.777483,,22.83734,13.833858,14.576687,2.735865,11.580832
Baden-Württemberg,279,Pforzheim,325.5,484.7,18.7,5.2,28.6,43.9,7.2,24661,1.3,52.3,17.5,8.0,12.5,34.5,16.3,11.2,1,217126.0,163987.0,CDU,28.478704,CDU,24.180615,#737373,#737373,24.180615,,21.067875,13.044361,16.299148,2.669995,13.546753
Baden-Württemberg,280,Calw,277.4,166.4,14.1,4.1,22.8,42.0,8.4,24611,1.3,30.5,17.2,7.7,11.8,35.2,17.2,10.9,1,198737.0,152949.0,CDU,33.800605,CDU,28.265803,#737373,#737373,28.265803,,18.848706,11.413983,17.653345,2.411832,12.846173
Baden-Württemberg,281,Freiburg,320.8,708.4,15.5,5.3,43.5,47.1,5.8,22899,1.7,56.9,16.4,10.5,16.7,32.7,14.4,9.4,1,224392.0,180976.0,GRÜNE,28.803084,GRÜNE,31.611573,#74c476,#74c476,17.40107,,21.227637,31.611573,10.643006,6.909837,4.922335
Baden-Württemberg,282,Lörrach – Müllheim,324.2,280.7,14.8,4.7,31.5,40.0,6.9,26699,1.6,39.0,17.6,7.2,11.9,35.2,16.9,11.1,1,231077.0,174159.0,CDU,25.246893,SPD,24.2426,#737373,#fb6a4a,22.309984,,24.2426,19.017872,14.294407,3.205767,8.225934
Baden-Württemberg,283,Emmendingen – Lahr,298.2,247.6,11.6,3.8,25.2,42.9,7.6,23747,1.1,33.5,17.7,7.5,11.9,35.2,17.1,10.7,1,218963.0,168029.0,CDU,27.847448,CDU,24.80999,#737373,#737373,24.80999,,23.850633,17.243801,13.289308,3.124812,8.986612
Baden-Württemberg,284,Offenburg,278.4,254.4,12.0,4.0,28.7,42.0,6.8,23948,1.0,36.6,16.9,7.6,12.2,34.7,17.5,11.1,1,205893.0,156796.0,CDU,34.897542,CDU,25.910318,#737373,#737373,25.910318,,21.290909,14.873094,14.69074,2.85,9.870935
Baden-Württemberg,285,Rottweil – Tuttlingen,280.6,186.6,14.6,3.7,25.6,44.4,8.0,25665,1.2,30.1,18.1,7.8,12.4,34.5,16.3,10.9,1,198182.0,149673.0,CDU,31.478513,CDU,27.615929,#737373,#737373,27.615929,,18.62103,10.849357,18.110226,2.245511,13.36008
Baden-Württemberg,286,Schwarzwald-Baar,233.3,184.2,15.5,4.6,24.3,42.5,7.0,24906,1.4,37.8,16.9,7.6,12.4,33.6,17.3,12.1,1,162758.0,122862.0,CDU,36.371718,CDU,26.593757,#737373,#737373,26.593757,,21.235013,13.315394,16.204607,2.519729,10.780853
Baden-Württemberg,287,Konstanz,286.3,350.0,15.4,4.7,30.5,44.6,6.5,25486,1.6,41.4,16.4,9.7,12.9,33.5,16.1,11.4,1,206009.0,157579.0,CDU,34.143189,CDU,23.151783,#737373,#737373,23.151783,,20.879957,21.044925,15.031907,3.71114,8.530378
Baden-Württemberg,288,Waldshut,249.5,134.1,14.7,4.2,24.1,41.0,7.8,25384,1.4,32.0,17.7,7.5,11.6,34.4,17.5,11.4,1,177276.0,135784.0,CDU,33.607246,CDU,26.353952,#737373,#737373,26.353952,,22.807304,17.239945,13.636836,2.885458,8.358468
Baden-Württemberg,289,Reutlingen,287.0,262.7,15.9,4.6,29.9,45.0,8.1,24763,1.3,41.8,17.4,7.9,12.2,35.0,16.3,11.2,1,199189.0,153820.0,CDU,32.550041,CDU,25.892184,#737373,#737373,25.892184,,20.668524,15.859086,16.574144,3.330165,10.257906
Baden-Württemberg,290,Tübingen,278.4,353.0,13.7,3.6,37.5,40.0,6.9,23995,1.4,32.8,16.8,10.5,14.7,33.2,15.5,9.3,1,198791.0,160843.0,CDU,26.950954,GRÜNE,23.422352,#737373,#74c476,21.763185,,20.388787,23.422352,14.193355,5.15149,7.853973
Baden-Württemberg,291,Ulm,323.9,219.2,16.2,3.7,30.7,43.0,6.8,24607,1.2,32.0,17.5,8.8,14.1,34.3,15.3,10.0,1,223376.0,177563.0,CDU,32.734453,CDU,26.571068,#737373,#737373,26.571068,,20.672253,17.732779,14.410686,3.051875,9.108507
Baden-Württemberg,292,Biberach,230.5,131.9,10.9,2.9,22.5,40.3,7.5,24084,1.0,22.3,18.7,7.8,12.6,35.2,16.0,9.6,1,168376.0,132728.0,CDU,35.125353,CDU,30.558807,#737373,#737373,30.558807,,17.530365,13.685907,14.512108,2.251342,10.805223
Baden-Württemberg,293,Bodensee,239.1,277.9,13.6,3.6,28.2,46.0,7.2,26222,1.7,27.7,16.8,7.5,11.9,34.5,17.4,11.9,1,174430.0,137861.0,CDU,30.436563,CDU,26.722985,#737373,#737373,26.722985,,19.722159,17.27187,15.792051,2.853677,8.707916
Baden-Württemberg,294,Ravensburg,256.2,198.1,11.6,3.4,25.9,48.0,8.1,24132,1.1,29.9,17.4,8.5,12.9,34.5,16.2,10.4,1,187817.0,147045.0,CDU,30.555803,CDU,26.66347,#737373,#737373,26.66347,,19.011475,17.494777,14.891591,3.243706,8.666552
Baden-Württemberg,295,Zollernalb – Sigmaringen,248.8,150.2,12.3,4.1,23.6,44.2,9.2,24495,1.3,27.6,16.7,7.9,12.1,34.5,17.3,11.6,1,182648.0,138085.0,CDU,30.137468,CDU,28.806211,#737373,#737373,28.806211,,19.566427,11.354182,16.99209,2.592647,12.066794
Saarland,296,Saarbrücken,271.4,833.3,16.4,10.3,36.0,41.6,6.5,19205,1.5,131.8,15.0,8.3,13.9,32.8,18.4,11.7,1,192929.0,142719.0,SPD,36.8601,SPD,38.110833,#fb6a4a,#fb6a4a,20.50205,,38.110833,,11.701931,9.597477,9.2586
Saarland,297,Saarlouis,262.4,293.8,10.9,5.7,35.2,36.0,7.6,20022,1.1,55.0,15.0,6.7,11.3,34.8,20.0,12.2,1,203279.0,159175.0,SPD,36.737191,SPD,36.423438,#fb6a4a,#fb6a4a,24.370173,,36.423438,,12.075662,6.72669,10.015166
Saarland,298,St. Wendel,212.6,265.1,6.5,6.3,30.9,34.1,7.2,20799,1.2,69.6,14.2,6.4,10.9,34.9,20.6,12.9,1,173074.0,139808.0,SPD,35.144647,SPD,37.386595,#fb6a4a,#fb6a4a,26.455196,,37.386595,,10.886146,5.753637,9.41471
Saarland,299,Homburg,240.5,437.1,10.9,7.0,34.8,38.1,7.4,21301,1.4,78.9,14.8,7.0,11.4,33.9,19.9,13.1,1,185941.0,142296.0,SPD,36.593821,SPD,37.239161,#fb6a4a,#fb6a4a,22.880223,,37.239161,,11.234943,6.61043,11.485149
